O_TEMPLATE;O_TYPE;O_AXIS;O_COORDINATE;O_MAX;O_MIN;O_VALUE
TEMPLATE_CSP_CRV_GENERIC_OBS;CSP_CRV;Maturity;1D;7,5;0,001;3,0
TEMPLATE_CSP_CRV_GENERIC_OBS;CSP_CRV;Maturity;1W;26,25;4,5;9,0
TEMPLATE_CSP_CRV_GENERIC_OBS;CSP_CRV;Maturity;1M;78,5;14,75;32,0
TEMPLATE_CSP_CRV_GENERIC_OBS;CSP_CRV;Maturity;3M;160,75;47,5;94,0
TEMPLATE_CSP_CRV_GENERIC_OBS;CSP_CRV;Maturity;6M;252,0;116,25;183,0
TEMPLATE_CSP_CRV_GENERIC_OBS;CSP_CRV;Maturity;9M;344,0;206,0;275,0
TEMPLATE_CSP_CRV_GENERIC_OBS;CSP_CRV;Maturity;1Y;640,75;298,0;367,0
TEMPLATE_CSP_CRV_GENERIC_OBS;CSP_CRV;Maturity;2Y;1007,25;458,25;732,0
TEMPLATE_CSP_CRV_GENERIC_OBS;CSP_CRV;Maturity;3Y;1372,0;823,75;1099,0
TEMPLATE_CSP_CRV_GENERIC_OBS;CSP_CRV;Maturity;4Y;1736,75;1190,0;1463,0
TEMPLATE_CSP_CRV_GENERIC_OBS;CSP_CRV;Maturity;5Y;2376,25;1554,25;1828,0
TEMPLATE_CSP_CRV_GENERIC_OBS;CSP_CRV;Maturity;7Y;3107,25;2010,75;2559,0
TEMPLATE_CSP_CRV_GENERIC_OBS;CSP_CRV;Maturity;9Y;3563,75;2741,75;3290,0
TEMPLATE_CSP_CRV_GENERIC_OBS;CSP_CRV;Maturity;10Y;4202,5;3381,25;3655,0
TEMPLATE_CSP_CRV_GENERIC_OBS;CSP_CRV;Maturity;12Y;5207,0;3837,5;4385,0
TEMPLATE_CSP_CRV_GENERIC_OBS;CSP_CRV;Maturity;15Y;6851,25;4659,0;5481,0
TEMPLATE_CSP_CRV_GENERIC_OBS;CSP_CRV;Maturity;20Y;10047,75;5937,75;7308,0
TEMPLATE_CSP_CRV_GENERIC_OBS;CSP_CRV;Maturity;30Y;13699,25;8221,25;10961,0
TEMPLATE_CSP_CRV_GENERIC_OBS;CSP_CRV;Maturity;40Y;17351,75;11873,75;14612,0
TEMPLATE_CSP_CRV_GENERIC_OBS;CSP_CRV;Maturity;50Y;21004,0;15525,25;18265,0
TEMPLATE_CSP_CRV_GENERIC_OBS;CSP_CRV;Maturity;60Y;36500,0;19178,0;21917,0
TEMPLATE_CSP_CRV_GENERIC_2W_OBS;CSP_CRV;Maturity;2W;28,0;0,001;16,0
TEMPLATE_CSP_CRV_GENERIC_2W_OBS;CSP_CRV;Maturity;1M;42,5;20,0;32,0
TEMPLATE_CSP_CRV_GENERIC_2W_OBS;CSP_CRV;Maturity;1M2W;58,0;35,5;46,0
TEMPLATE_CSP_CRV_GENERIC_2W_OBS;CSP_CRV;Maturity;2M;72,5;50,0;62,0
TEMPLATE_CSP_CRV_GENERIC_2W_OBS;CSP_CRV;Maturity;2M2W;89,5;65,5;76,0
TEMPLATE_CSP_CRV_GENERIC_2W_OBS;CSP_CRV;Maturity;3M;104,5;80,5;94,0
TEMPLATE_CSP_CRV_GENERIC_2W_OBS;CSP_CRV;Maturity;3M2W;118,5;97,5;108,0
TEMPLATE_CSP_CRV_GENERIC_2W_OBS;CSP_CRV;Maturity;4M;132,5;111,5;122,0
TEMPLATE_CSP_CRV_GENERIC_2W_OBS;CSP_CRV;Maturity;4M2W;149,5;125,5;136,0
TEMPLATE_CSP_CRV_GENERIC_2W_OBS;CSP_CRV;Maturity;5M;164,5;140,5;154,0
TEMPLATE_CSP_CRV_GENERIC_2W_OBS;CSP_CRV;Maturity;5M2W;179,25;157,5;168,0
TEMPLATE_CSP_CRV_GENERIC_2W_OBS;CSP_CRV;Maturity;6M;193,5;171,75;183,0
TEMPLATE_CSP_CRV_GENERIC_2W_OBS;CSP_CRV;Maturity;6M2W;209,75;186,5;197,0
TEMPLATE_CSP_CRV_GENERIC_2W_OBS;CSP_CRV;Maturity;7M;224,5;201,25;214,0
TEMPLATE_CSP_CRV_GENERIC_2W_OBS;CSP_CRV;Maturity;7M2W;240,75;217,5;228,0
TEMPLATE_CSP_CRV_GENERIC_2W_OBS;CSP_CRV;Maturity;8M;255,5;232,25;245,0
TEMPLATE_CSP_CRV_GENERIC_2W_OBS;CSP_CRV;Maturity;8M2W;271,0;248,5;259,0
TEMPLATE_CSP_CRV_GENERIC_2W_OBS;CSP_CRV;Maturity;9M;285,5;263,0;275,0
TEMPLATE_CSP_CRV_GENERIC_2W_OBS;CSP_CRV;Maturity;9M2W;303,25;278,5;289,0
TEMPLATE_CSP_CRV_GENERIC_2W_OBS;CSP_CRV;Maturity;10M;318,5;293,75;308,0
TEMPLATE_CSP_CRV_GENERIC_2W_OBS;CSP_CRV;Maturity;10M2W;333,25;311,5;322,0
TEMPLATE_CSP_CRV_GENERIC_2W_OBS;CSP_CRV;Maturity;11M;347,5;325,75;337,0
TEMPLATE_CSP_CRV_GENERIC_2W_OBS;CSP_CRV;Maturity;11M2W;363,0;340,5;351,0
TEMPLATE_CSP_CRV_GENERIC_2W_OBS;CSP_CRV;Maturity;1Y;640,75;355,0;367,0
TEMPLATE_CSP_CRV_GENERIC_2W_OBS;CSP_CRV;Maturity;2Y;1007,25;458,25;732,0
TEMPLATE_CSP_CRV_GENERIC_2W_OBS;CSP_CRV;Maturity;3Y;1372,0;823,75;1099,0
TEMPLATE_CSP_CRV_GENERIC_2W_OBS;CSP_CRV;Maturity;4Y;1736,75;1190,0;1463,0
TEMPLATE_CSP_CRV_GENERIC_2W_OBS;CSP_CRV;Maturity;5Y;2102,5;1554,25;1828,0
TEMPLATE_CSP_CRV_GENERIC_2W_OBS;CSP_CRV;Maturity;6Y;2467,75;1919,5;2194,0
TEMPLATE_CSP_CRV_GENERIC_2W_OBS;CSP_CRV;Maturity;7Y;2833,5;2285,25;2559,0
TEMPLATE_CSP_CRV_GENERIC_2W_OBS;CSP_CRV;Maturity;8Y;3198,75;2650,5;2925,0
TEMPLATE_CSP_CRV_GENERIC_2W_OBS;CSP_CRV;Maturity;9Y;3563,75;3016,25;3290,0
TEMPLATE_CSP_CRV_GENERIC_2W_OBS;CSP_CRV;Maturity;10Y;3928,75;3381,25;3655,0
TEMPLATE_CSP_CRV_GENERIC_2W_OBS;CSP_CRV;Maturity;11Y;4293,75;3746,25;4020,0
TEMPLATE_CSP_CRV_GENERIC_2W_OBS;CSP_CRV;Maturity;12Y;4658,75;4111,25;4385,0
TEMPLATE_CSP_CRV_GENERIC_2W_OBS;CSP_CRV;Maturity;13Y;5023,75;4476,25;4750,0
TEMPLATE_CSP_CRV_GENERIC_2W_OBS;CSP_CRV;Maturity;14Y;5389,5;4841,25;5115,0
TEMPLATE_CSP_CRV_GENERIC_2W_OBS;CSP_CRV;Maturity;15Y;5754,75;5206,5;5481,0
TEMPLATE_CSP_CRV_GENERIC_2W_OBS;CSP_CRV;Maturity;16Y;6119,75;5572,25;5846,0
TEMPLATE_CSP_CRV_GENERIC_2W_OBS;CSP_CRV;Maturity;17Y;6484,75;5937,25;6211,0
TEMPLATE_CSP_CRV_GENERIC_2W_OBS;CSP_CRV;Maturity;18Y;6849,75;6302,25;6576,0
TEMPLATE_CSP_CRV_GENERIC_2W_OBS;CSP_CRV;Maturity;19Y;7216,25;6667,25;6941,0
TEMPLATE_CSP_CRV_GENERIC_2W_OBS;CSP_CRV;Maturity;20Y;7575,75;7032,75;7308,0
TEMPLATE_CSP_CRV_GENERIC_2W_OBS;CSP_CRV;Maturity;21Y;7938,75;7397,25;7665,0
TEMPLATE_CSP_CRV_GENERIC_2W_OBS;CSP_CRV;Maturity;22Y;8303,75;7756,25;8030,0
TEMPLATE_CSP_CRV_GENERIC_2W_OBS;CSP_CRV;Maturity;23Y;8668,75;8121,25;8395,0
TEMPLATE_CSP_CRV_GENERIC_2W_OBS;CSP_CRV;Maturity;24Y;9040,5;8486,25;8760,0
TEMPLATE_CSP_CRV_GENERIC_2W_OBS;CSP_CRV;Maturity;25Y;9401,0;8853,5;9134,0
TEMPLATE_CSP_CRV_GENERIC_2W_OBS;CSP_CRV;Maturity;26Y;9763,75;9223,0;9490,0
TEMPLATE_CSP_CRV_GENERIC_2W_OBS;CSP_CRV;Maturity;27Y;10128,75;9581,25;9855,0
TEMPLATE_CSP_CRV_GENERIC_2W_OBS;CSP_CRV;Maturity;28Y;10493,75;9946,25;10220,0
TEMPLATE_CSP_CRV_GENERIC_2W_OBS;CSP_CRV;Maturity;29Y;10867,0;10311,25;10585,0
TEMPLATE_CSP_CRV_GENERIC_2W_OBS;CSP_CRV;Maturity;30Y;11226,5;10679,0;10961,0
TEMPLATE_CSP_CRV_GENERIC_2W_OBS;CSP_CRV;Maturity;31Y;11588,75;11049,5;11315,0
TEMPLATE_CSP_CRV_GENERIC_2W_OBS;CSP_CRV;Maturity;32Y;11953,75;11406,25;11680,0
TEMPLATE_CSP_CRV_GENERIC_2W_OBS;CSP_CRV;Maturity;33Y;12318,75;11771,25;12045,0
TEMPLATE_CSP_CRV_GENERIC_2W_OBS;CSP_CRV;Maturity;34Y;12692,0;12136,25;12410,0
TEMPLATE_CSP_CRV_GENERIC_2W_OBS;CSP_CRV;Maturity;35Y;13051,5;12504,0;12786,0
TEMPLATE_CSP_CRV_GENERIC_2W_OBS;CSP_CRV;Maturity;36Y;13413,75;12874,5;13140,0
TEMPLATE_CSP_CRV_GENERIC_2W_OBS;CSP_CRV;Maturity;37Y;13778,75;13231,25;13505,0
TEMPLATE_CSP_CRV_GENERIC_2W_OBS;CSP_CRV;Maturity;38Y;14143,75;13596,25;13870,0
TEMPLATE_CSP_CRV_GENERIC_2W_OBS;CSP_CRV;Maturity;39Y;14517,75;13961,25;14235,0
TEMPLATE_CSP_CRV_GENERIC_2W_OBS;CSP_CRV;Maturity;40Y;14876,75;14329,25;14612,0
TEMPLATE_CSP_CRV_GENERIC_2W_OBS;CSP_CRV;Maturity;41Y;15238,75;14700,25;14965,0
TEMPLATE_CSP_CRV_GENERIC_2W_OBS;CSP_CRV;Maturity;42Y;15603,75;15056,25;15330,0
TEMPLATE_CSP_CRV_GENERIC_2W_OBS;CSP_CRV;Maturity;43Y;15968,75;15421,25;15695,0
TEMPLATE_CSP_CRV_GENERIC_2W_OBS;CSP_CRV;Maturity;44Y;16333,75;15786,25;16060,0
TEMPLATE_CSP_CRV_GENERIC_2W_OBS;CSP_CRV;Maturity;45Y;16698,75;16151,25;16425,0
TEMPLATE_CSP_CRV_GENERIC_2W_OBS;CSP_CRV;Maturity;46Y;17063,75;16516,25;16790,0
TEMPLATE_CSP_CRV_GENERIC_2W_OBS;CSP_CRV;Maturity;47Y;17428,75;16881,25;17155,0
TEMPLATE_CSP_CRV_GENERIC_2W_OBS;CSP_CRV;Maturity;48Y;17793,75;17246,25;17520,0
TEMPLATE_CSP_CRV_GENERIC_2W_OBS;CSP_CRV;Maturity;49Y;18170,0;17611,25;17885,0
TEMPLATE_CSP_CRV_GENERIC_2W_OBS;CSP_CRV;Maturity;50Y;36500,0;17980,0;18265,0
TEMPLATE_CDS_CRV_INDEX_OBS;CDS_CRV;Maturity;3Y;1645,75;0,001;1099,0
TEMPLATE_CDS_CRV_INDEX_OBS;CDS_CRV;Maturity;5Y;2376,25;1281,25;1828,0
TEMPLATE_CDS_CRV_INDEX_OBS;CDS_CRV;Maturity;7Y;3381,0;2010,75;2559,0
TEMPLATE_CDS_CRV_INDEX_OBS;CDS_CRV;Maturity;10Y;36500,0;2833,0;3655,0
TEMPLATE_CDS_CRV_SN_OBS;CDS_CRV;Maturity;1Y;916,0;0,001;367,0
TEMPLATE_CDS_CRV_SN_OBS;CDS_CRV;Maturity;3Y;1645,75;550,0;1099,0
TEMPLATE_CDS_CRV_SN_OBS;CDS_CRV;Maturity;5Y;2376,25;1281,25;1828,0
TEMPLATE_CDS_CRV_SN_OBS;CDS_CRV;Maturity;7Y;3381,0;2010,75;2559,0
TEMPLATE_CDS_CRV_SN_OBS;CDS_CRV;Maturity;10Y;36500,0;2833,0;3655,0
TEMPLATE_CSP_CRV_SR_OBS;CSP_CRV;Maturity;6M;321,0;0,001;183,0
TEMPLATE_CSP_CRV_SR_OBS;CSP_CRV;Maturity;1Y;640,75;229,0;367,0
TEMPLATE_CSP_CRV_SR_OBS;CSP_CRV;Maturity;2Y;1007,25;458,25;732,0
TEMPLATE_CSP_CRV_SR_OBS;CSP_CRV;Maturity;3Y;1372,0;823,75;1099,0
TEMPLATE_CSP_CRV_SR_OBS;CSP_CRV;Maturity;4Y;1736,75;1190,0;1463,0
TEMPLATE_CSP_CRV_SR_OBS;CSP_CRV;Maturity;5Y;2102,5;1554,25;1828,0
TEMPLATE_CSP_CRV_SR_OBS;CSP_CRV;Maturity;6Y;2467,75;1919,5;2194,0
TEMPLATE_CSP_CRV_SR_OBS;CSP_CRV;Maturity;7Y;2833,5;2285,25;2559,0
TEMPLATE_CSP_CRV_SR_OBS;CSP_CRV;Maturity;8Y;3198,75;2650,5;2925,0
TEMPLATE_CSP_CRV_SR_OBS;CSP_CRV;Maturity;9Y;3563,75;3016,25;3290,0
TEMPLATE_CSP_CRV_SR_OBS;CSP_CRV;Maturity;10Y;5024,5;3381,25;3655,0
TEMPLATE_CSP_CRV_SR_OBS;CSP_CRV;Maturity;15Y;6851,25;4111,5;5481,0
TEMPLATE_CSP_CRV_SR_OBS;CSP_CRV;Maturity;20Y;10047,75;5937,75;7308,0
TEMPLATE_CSP_CRV_SR_OBS;CSP_CRV;Maturity;30Y;36500,0;8221,25;10961,0
TEMPLATE_COM_CRV_GENERIC_OBS;COM_CRV;Maturity;1D;24,75;0,001;3,0
TEMPLATE_COM_CRV_GENERIC_OBS;COM_CRV;Maturity;1M;78,5;10,25;32,0
TEMPLATE_COM_CRV_GENERIC_OBS;COM_CRV;Maturity;3M;160,75;47,5;94,0
TEMPLATE_COM_CRV_GENERIC_OBS;COM_CRV;Maturity;6M;321,0;116,25;183,0
TEMPLATE_COM_CRV_GENERIC_OBS;COM_CRV;Maturity;1Y;640,75;229,0;367,0
TEMPLATE_COM_CRV_GENERIC_OBS;COM_CRV;Maturity;2Y;1007,25;458,25;732,0
TEMPLATE_COM_CRV_GENERIC_OBS;COM_CRV;Maturity;3Y;1372,0;823,75;1099,0
TEMPLATE_COM_CRV_GENERIC_OBS;COM_CRV;Maturity;4Y;1736,75;1190,0;1463,0
TEMPLATE_COM_CRV_GENERIC_OBS;COM_CRV;Maturity;5Y;36500,0;1554,25;1828,0
TEMPLATE_EQ_COR_GENERIC_OBS;EQ_COR;Maturity;6M;252,0;0,001;183,0
TEMPLATE_EQ_COR_GENERIC_OBS;EQ_COR;Maturity;9M;344,0;206,0;275,0
TEMPLATE_EQ_COR_GENERIC_OBS;EQ_COR;Maturity;1Y;640,75;298,0;367,0
TEMPLATE_EQ_COR_GENERIC_OBS;EQ_COR;Maturity;2Y;1007,25;458,25;732,0
TEMPLATE_EQ_COR_GENERIC_OBS;EQ_COR;Maturity;3Y;1645,75;823,75;1099,0
TEMPLATE_EQ_COR_GENERIC_OBS;EQ_COR;Maturity;5Y;2376,25;1281,25;1828,0
TEMPLATE_EQ_COR_GENERIC_OBS;EQ_COR;Maturity;7Y;36500,0;2010,75;2559,0
TEMPLATE_EQ_COR_STOCKCCY_OBS;EQ_COR;Maturity;3Y;36500,0;0,001;1099,0
TEMPLATE_EQ_DIV_GENERIC_OBS;EQ_DIV;Maturity;Dec21;2022,0;2021,0;2021,0
TEMPLATE_EQ_DIV_GENERIC_OBS;EQ_DIV;Maturity;Dec22;2023,0;2022,0;2022,0
TEMPLATE_EQ_DIV_GENERIC_OBS;EQ_DIV;Maturity;Dec23;2024,0;2023,0;2023,0
TEMPLATE_EQ_DIV_GENERIC_OBS;EQ_DIV;Maturity;Dec24;2025,0;2024,0;2024,0
TEMPLATE_EQ_DIV_GENERIC_OBS;EQ_DIV;Maturity;Dec25;2026,0;2025,0;2025,0
TEMPLATE_EQ_DIV_GENERIC_OBS;EQ_DIV;Maturity;Dec26;2027,0;2026,0;2026,0
TEMPLATE_EQ_DIV_GENERIC_OBS;EQ_DIV;Maturity;Dec27;2028,0;2027,0;2027,0
TEMPLATE_EQ_DIV_GENERIC_OBS;EQ_DIV;Maturity;Dec28;2029,0;2028,0;2028,0
TEMPLATE_EQ_DIV_GENERIC_OBS;EQ_DIV;Maturity;Dec29;2030,0;2029,0;2029,0
TEMPLATE_EQ_DIV_GENERIC_OBS;EQ_DIV;Maturity;Dec30;2031,0;2030,0;2030,0
TEMPLATE_EQ_DIV_GENERIC_OBS;EQ_DIV;Maturity;Dec31;2032,0;2031,0;2031,0
TEMPLATE_EQ_DIV_GENERIC_OBS;EQ_DIV;Maturity;Dec32;2033,0;2032,0;2032,0
TEMPLATE_EQ_DIV_GENERIC_OBS;EQ_DIV;Maturity;Dec33;2034,0;2033,0;2033,0
TEMPLATE_EQ_DIV_GENERIC_OBS;EQ_DIV;Maturity;Dec34;2035,0;2034,0;2034,0
TEMPLATE_EQ_DIV_GENERIC_OBS;EQ_DIV;Maturity;Dec35;2036,0;2035,0;2035,0
TEMPLATE_EQ_DIV_GENERIC_OBS;EQ_DIV;Maturity;Dec36;2037,0;2036,0;2036,0
TEMPLATE_EQ_DIV_GENERIC_OBS;EQ_DIV;Maturity;Dec37;2038,0;2037,0;2037,0
TEMPLATE_EQ_DIV_GENERIC_OBS;EQ_DIV;Maturity;Dec38;2039,0;2038,0;2038,0
TEMPLATE_EQ_DIV_GENERIC_OBS;EQ_DIV;Maturity;Dec39;2040,0;2039,0;2039,0
TEMPLATE_EQ_DIV_GENERIC_OBS;EQ_DIV;Maturity;Dec40;2041,0;2040,0;2040,0
TEMPLATE_EQ_DIV_GENERIC_OBS;EQ_DIV;Maturity;Dec41;2042,0;2041,0;2041,0
TEMPLATE_EQ_DIV_GENERIC_OBS;EQ_DIV;Maturity;Dec42;2043,0;2042,0;2042,0
TEMPLATE_EQ_DIV_GENERIC_OBS;EQ_DIV;Maturity;Dec43;2044,0;2043,0;2043,0
TEMPLATE_EQ_DIV_GENERIC_OBS;EQ_DIV;Maturity;Dec44;2045,0;2044,0;2044,0
TEMPLATE_EQ_DIV_GENERIC_OBS;EQ_DIV;Maturity;Dec45;2046,0;2045,0;2045,0
TEMPLATE_EQ_DIV_GENERIC_OBS;EQ_DIV;Maturity;Dec46;2047,0;2046,0;2046,0
TEMPLATE_EQ_DIV_GENERIC_OBS;EQ_DIV;Maturity;Dec47;2048,0;2047,0;2047,0
TEMPLATE_EQ_DIV_GENERIC_OBS;EQ_DIV;Maturity;Dec48;2049,0;2048,0;2048,0
TEMPLATE_EQ_DIV_GENERIC_OBS;EQ_DIV;Maturity;Dec49;2050,0;2049,0;2049,0
TEMPLATE_EQ_DIV_GENERIC_OBS;EQ_DIV;Maturity;Dec50;2051,0;2050,0;2050,0
TEMPLATE_EQ_DIV_GENERIC_OBS;EQ_DIV;Maturity;Dec51;2052,0;2051,0;2051,0
TEMPLATE_EQ_DIV_GENERIC_OBS;EQ_DIV;Maturity;Dec52;2053,0;2052,0;2052,0
TEMPLATE_EQ_DIV_GENERIC_OBS;EQ_DIV;Maturity;Dec53;2054,0;2053,0;2053,0
TEMPLATE_EQ_DIV_GENERIC_OBS;EQ_DIV;Maturity;Dec54;2055,0;2054,0;2054,0
TEMPLATE_EQ_DIV_GENERIC_OBS;EQ_DIV;Maturity;Dec55;2056,0;2055,0;2055,0
TEMPLATE_EQ_DIV_GENERIC_OBS;EQ_DIV;Maturity;Dec56;2057,0;2056,0;2056,0
TEMPLATE_EQ_DIV_GENERIC_OBS;EQ_DIV;Maturity;Dec57;2058,0;2057,0;2057,0
TEMPLATE_EQ_DIV_GENERIC_OBS;EQ_DIV;Maturity;Dec58;2059,0;2058,0;2058,0
TEMPLATE_EQ_DIV_GENERIC_OBS;EQ_DIV;Maturity;Dec59;2060,0;2059,0;2059,0
TEMPLATE_EQ_DIV_GENERIC_OBS;EQ_DIV;Maturity;Dec60;2061,0;2060,0;2060,0
TEMPLATE_EQ_DIV_GENERIC_OBS;EQ_DIV;Maturity;Dec61;2062,0;2061,0;2061,0
TEMPLATE_EQ_DIV_GENERIC_OBS;EQ_DIV;Maturity;Dec62;2063,0;2062,0;2062,0
TEMPLATE_EQ_DIV_GENERIC_OBS;EQ_DIV;Maturity;Dec63;2064,0;2063,0;2063,0
TEMPLATE_EQ_DIV_GENERIC_OBS;EQ_DIV;Maturity;Dec64;2065,0;2064,0;2064,0
TEMPLATE_EQ_DIV_GENERIC_OBS;EQ_DIV;Maturity;Dec65;2066,0;2065,0;2065,0
TEMPLATE_EQ_DIV_GENERIC_OBS;EQ_DIV;Maturity;Dec66;2067,0;2066,0;2066,0
TEMPLATE_EQ_DIV_GENERIC_OBS;EQ_DIV;Maturity;Dec67;2068,0;2067,0;2067,0
TEMPLATE_EQ_DIV_GENERIC_OBS;EQ_DIV;Maturity;Dec68;2069,0;2068,0;2068,0
TEMPLATE_EQ_DIV_GENERIC_OBS;EQ_DIV;Maturity;Dec69;2070,0;2069,0;2069,0
TEMPLATE_EQ_DIV_GENERIC_OBS;EQ_DIV;Maturity;Dec70;2071,0;2070,0;2070,0
TEMPLATE_EQ_DIV_GENERIC_OBS;EQ_DIV;Maturity;Dec71;2072,0;2071,0;2071,0
TEMPLATE_EQ_DIV_GENERIC_OBS;EQ_DIV;Maturity;Dec72;2073,0;2072,0;2072,0
TEMPLATE_EQ_DIV_GENERIC_OBS;EQ_DIV;Maturity;Dec73;2074,0;2073,0;2073,0
TEMPLATE_EQ_DIV_GENERIC_OBS;EQ_DIV;Maturity;Dec74;2075,0;2074,0;2074,0
TEMPLATE_EQ_DIV_GENERIC_OBS;EQ_DIV;Maturity;Dec75;2076,0;2075,0;2075,0
TEMPLATE_EQ_DIV_GENERIC_OBS;EQ_DIV;Maturity;Dec76;2077,0;2076,0;2076,0
TEMPLATE_EQ_DIV_GENERIC_OBS;EQ_DIV;Maturity;Dec77;2078,0;2077,0;2077,0
TEMPLATE_EQ_DIV_GENERIC_OBS;EQ_DIV;Maturity;Dec78;2079,0;2078,0;2078,0
TEMPLATE_EQ_DIV_GENERIC_OBS;EQ_DIV;Maturity;Dec79;2080,0;2079,0;2079,0
TEMPLATE_EQ_DIV_GENERIC_OBS;EQ_DIV;Maturity;Dec80;2081,0;2080,0;2080,0
TEMPLATE_EQ_DIV_GENERIC_OBS;EQ_DIV;Maturity;Dec81;2082,0;2081,0;2081,0
TEMPLATE_EQ_DIV_GENERIC_OBS;EQ_DIV;Maturity;Dec82;2083,0;2082,0;2082,0
TEMPLATE_EQ_DIV_GENERIC_OBS;EQ_DIV;Maturity;Dec83;2084,0;2083,0;2083,0
TEMPLATE_EQ_DIV_GENERIC_OBS;EQ_DIV;Maturity;Dec84;2085,0;2084,0;2084,0
TEMPLATE_EQ_DIV_GENERIC_OBS;EQ_DIV;Maturity;Dec85;2086,0;2085,0;2085,0
TEMPLATE_EQ_DIV_GENERIC_OBS;EQ_DIV;Maturity;Dec86;2087,0;2086,0;2086,0
TEMPLATE_EQ_DIV_GENERIC_OBS;EQ_DIV;Maturity;Dec87;2088,0;2087,0;2087,0
TEMPLATE_EQ_DIV_GENERIC_OBS;EQ_DIV;Maturity;Dec88;2089,0;2088,0;2088,0
TEMPLATE_EQ_DIV_GENERIC_OBS;EQ_DIV;Maturity;Dec89;2090,0;2089,0;2089,0
TEMPLATE_EQ_DIV_GENERIC_OBS;EQ_DIV;Maturity;Dec90;2091,0;2090,0;2090,0
TEMPLATE_EQ_DIV_GENERIC_OBS;EQ_DIV;Maturity;Dec91;2092,0;2091,0;2091,0
TEMPLATE_EQ_REPO_GENERIC_OBS;EQ_REPO;Maturity;1D;24,75;0,001;3,0
TEMPLATE_EQ_REPO_GENERIC_OBS;EQ_REPO;Maturity;1M;54,5;10,25;32,0
TEMPLATE_EQ_REPO_GENERIC_OBS;EQ_REPO;Maturity;2M;86,0;39,5;62,0
TEMPLATE_EQ_REPO_GENERIC_OBS;EQ_REPO;Maturity;3M;115,0;70,0;94,0
TEMPLATE_EQ_REPO_GENERIC_OBS;EQ_REPO;Maturity;4M;146,0;101,0;122,0
TEMPLATE_EQ_REPO_GENERIC_OBS;EQ_REPO;Maturity;5M;175,75;130,0;154,0
TEMPLATE_EQ_REPO_GENERIC_OBS;EQ_REPO;Maturity;6M;321,0;161,25;183,0
TEMPLATE_EQ_REPO_GENERIC_OBS;EQ_REPO;Maturity;1Y;640,75;229,0;367,0
TEMPLATE_EQ_REPO_GENERIC_OBS;EQ_REPO;Maturity;2Y;36500,0;458,25;732,0
TEMPLATE_INF_CRV_BRL_OBS;INF_CRV;Maturity;1M;54,5;0,001;32,0
TEMPLATE_INF_CRV_BRL_OBS;INF_CRV;Maturity;2M;86,0;39,5;62,0
TEMPLATE_INF_CRV_BRL_OBS;INF_CRV;Maturity;3M;160,75;70,0;94,0
TEMPLATE_INF_CRV_BRL_OBS;INF_CRV;Maturity;6M;252,0;116,25;183,0
TEMPLATE_INF_CRV_BRL_OBS;INF_CRV;Maturity;9M;344,0;206,0;275,0
TEMPLATE_INF_CRV_BRL_OBS;INF_CRV;Maturity;12M;503,5;298,0;367,0
TEMPLATE_INF_CRV_BRL_OBS;INF_CRV;Maturity;18M;686,25;412,5;549,0
TEMPLATE_INF_CRV_BRL_OBS;INF_CRV;Maturity;24M;869,25;594,75;732,0
TEMPLATE_INF_CRV_BRL_OBS;INF_CRV;Maturity;30M;1053,0;777,75;915,0
TEMPLATE_INF_CRV_BRL_OBS;INF_CRV;Maturity;36M;1234,0;961,0;1099,0
TEMPLATE_INF_CRV_BRL_OBS;INF_CRV;Maturity;42M;1417,0;1144,0;1279,0
TEMPLATE_INF_CRV_BRL_OBS;INF_CRV;Maturity;48M;1736,75;1325,0;1463,0
TEMPLATE_INF_CRV_BRL_OBS;INF_CRV;Maturity;60M;2102,5;1554,25;1828,0
TEMPLATE_INF_CRV_BRL_OBS;INF_CRV;Maturity;72M;2467,75;1919,5;2194,0
TEMPLATE_INF_CRV_BRL_OBS;INF_CRV;Maturity;84M;2833,5;2285,25;2559,0
TEMPLATE_INF_CRV_BRL_OBS;INF_CRV;Maturity;96M;3198,75;2650,5;2925,0
TEMPLATE_INF_CRV_BRL_OBS;INF_CRV;Maturity;108M;3563,75;3016,25;3290,0
TEMPLATE_INF_CRV_BRL_OBS;INF_CRV;Maturity;120M;4202,5;3381,25;3655,0
TEMPLATE_INF_CRV_BRL_OBS;INF_CRV;Maturity;144M;5207,0;3837,5;4385,0
TEMPLATE_INF_CRV_BRL_OBS;INF_CRV;Maturity;180M;36500,0;4659,0;5481,0
TEMPLATE_INF_CRV_GENERIC_OBS;INF_CRV;Maturity;1M;54,5;0,001;32,0
TEMPLATE_INF_CRV_GENERIC_OBS;INF_CRV;Maturity;2M;86,0;39,5;62,0
TEMPLATE_INF_CRV_GENERIC_OBS;INF_CRV;Maturity;3M;160,75;70,0;94,0
TEMPLATE_INF_CRV_GENERIC_OBS;INF_CRV;Maturity;6M;252,0;116,25;183,0
TEMPLATE_INF_CRV_GENERIC_OBS;INF_CRV;Maturity;9M;344,0;206,0;275,0
TEMPLATE_INF_CRV_GENERIC_OBS;INF_CRV;Maturity;1Y;640,75;298,0;367,0
TEMPLATE_INF_CRV_GENERIC_OBS;INF_CRV;Maturity;2Y;1007,25;458,25;732,0
TEMPLATE_INF_CRV_GENERIC_OBS;INF_CRV;Maturity;3Y;1372,0;823,75;1099,0
TEMPLATE_INF_CRV_GENERIC_OBS;INF_CRV;Maturity;4Y;1736,75;1190,0;1463,0
TEMPLATE_INF_CRV_GENERIC_OBS;INF_CRV;Maturity;5Y;2102,5;1554,25;1828,0
TEMPLATE_INF_CRV_GENERIC_OBS;INF_CRV;Maturity;6Y;2467,75;1919,5;2194,0
TEMPLATE_INF_CRV_GENERIC_OBS;INF_CRV;Maturity;7Y;2833,5;2285,25;2559,0
TEMPLATE_INF_CRV_GENERIC_OBS;INF_CRV;Maturity;8Y;3198,75;2650,5;2925,0
TEMPLATE_INF_CRV_GENERIC_OBS;INF_CRV;Maturity;9Y;3563,75;3016,25;3290,0
TEMPLATE_INF_CRV_GENERIC_OBS;INF_CRV;Maturity;10Y;4202,5;3381,25;3655,0
TEMPLATE_INF_CRV_GENERIC_OBS;INF_CRV;Maturity;12Y;5207,0;3837,5;4385,0
TEMPLATE_INF_CRV_GENERIC_OBS;INF_CRV;Maturity;15Y;6851,25;4659,0;5481,0
TEMPLATE_INF_CRV_GENERIC_OBS;INF_CRV;Maturity;20Y;8677,5;5937,75;7308,0
TEMPLATE_INF_CRV_GENERIC_OBS;INF_CRV;Maturity;25Y;10504,25;7764,5;9134,0
TEMPLATE_INF_CRV_GENERIC_OBS;INF_CRV;Maturity;30Y;13699,25;9590,75;10961,0
TEMPLATE_INF_CRV_GENERIC_OBS;INF_CRV;Maturity;40Y;36500,0;11873,75;14612,0
TEMPLATE_INF_CRV_LONG_OBS;INF_CRV;Maturity;1M;54,5;0,001;32,0
TEMPLATE_INF_CRV_LONG_OBS;INF_CRV;Maturity;2M;86,0;39,5;62,0
TEMPLATE_INF_CRV_LONG_OBS;INF_CRV;Maturity;3M;160,75;70,0;94,0
TEMPLATE_INF_CRV_LONG_OBS;INF_CRV;Maturity;6M;252,0;116,25;183,0
TEMPLATE_INF_CRV_LONG_OBS;INF_CRV;Maturity;9M;344,0;206,0;275,0
TEMPLATE_INF_CRV_LONG_OBS;INF_CRV;Maturity;1Y;436,0;298,0;367,0
TEMPLATE_INF_CRV_LONG_OBS;INF_CRV;Maturity;15M;526,5;390,0;459,0
TEMPLATE_INF_CRV_LONG_OBS;INF_CRV;Maturity;18M;618,0;481,5;549,0
TEMPLATE_INF_CRV_LONG_OBS;INF_CRV;Maturity;21M;709,25;572,0;641,0
TEMPLATE_INF_CRV_LONG_OBS;INF_CRV;Maturity;2Y;1007,25;663,75;732,0
TEMPLATE_INF_CRV_LONG_OBS;INF_CRV;Maturity;3Y;1372,0;823,75;1099,0
TEMPLATE_INF_CRV_LONG_OBS;INF_CRV;Maturity;4Y;1736,75;1190,0;1463,0
TEMPLATE_INF_CRV_LONG_OBS;INF_CRV;Maturity;5Y;2102,5;1554,25;1828,0
TEMPLATE_INF_CRV_LONG_OBS;INF_CRV;Maturity;6Y;2467,75;1919,5;2194,0
TEMPLATE_INF_CRV_LONG_OBS;INF_CRV;Maturity;7Y;2833,5;2285,25;2559,0
TEMPLATE_INF_CRV_LONG_OBS;INF_CRV;Maturity;8Y;3198,75;2650,5;2925,0
TEMPLATE_INF_CRV_LONG_OBS;INF_CRV;Maturity;9Y;3563,75;3016,25;3290,0
TEMPLATE_INF_CRV_LONG_OBS;INF_CRV;Maturity;10Y;4202,5;3381,25;3655,0
TEMPLATE_INF_CRV_LONG_OBS;INF_CRV;Maturity;12Y;5207,0;3837,5;4385,0
TEMPLATE_INF_CRV_LONG_OBS;INF_CRV;Maturity;15Y;6851,25;4659,0;5481,0
TEMPLATE_INF_CRV_LONG_OBS;INF_CRV;Maturity;20Y;8677,5;5937,75;7308,0
TEMPLATE_INF_CRV_LONG_OBS;INF_CRV;Maturity;25Y;10504,25;7764,5;9134,0
TEMPLATE_INF_CRV_LONG_OBS;INF_CRV;Maturity;30Y;13699,25;9590,75;10961,0
TEMPLATE_INF_CRV_LONG_OBS;INF_CRV;Maturity;40Y;17351,75;11873,75;14612,0
TEMPLATE_INF_CRV_LONG_OBS;INF_CRV;Maturity;50Y;36500,0;15525,25;18265,0
TEMPLATE_INF_PARAM_SEASONALITY_GENERIC_OBS;INF_PARAM;Maturity;Jan;2,0;1,0;1,0
TEMPLATE_INF_PARAM_SEASONALITY_GENERIC_OBS;INF_PARAM;Maturity;Feb;3,0;2,0;2,0
TEMPLATE_INF_PARAM_SEASONALITY_GENERIC_OBS;INF_PARAM;Maturity;Mar;4,0;3,0;3,0
TEMPLATE_INF_PARAM_SEASONALITY_GENERIC_OBS;INF_PARAM;Maturity;Apr;5,0;4,0;4,0
TEMPLATE_INF_PARAM_SEASONALITY_GENERIC_OBS;INF_PARAM;Maturity;May;6,0;5,0;5,0
TEMPLATE_INF_PARAM_SEASONALITY_GENERIC_OBS;INF_PARAM;Maturity;Jun;7,0;6,0;6,0
TEMPLATE_INF_PARAM_SEASONALITY_GENERIC_OBS;INF_PARAM;Maturity;Jul;8,0;7,0;7,0
TEMPLATE_INF_PARAM_SEASONALITY_GENERIC_OBS;INF_PARAM;Maturity;Aug;9,0;8,0;8,0
TEMPLATE_INF_PARAM_SEASONALITY_GENERIC_OBS;INF_PARAM;Maturity;Sep;10,0;9,0;9,0
TEMPLATE_INF_PARAM_SEASONALITY_GENERIC_OBS;INF_PARAM;Maturity;Oct;11,0;10,0;10,0
TEMPLATE_INF_PARAM_SEASONALITY_GENERIC_OBS;INF_PARAM;Maturity;Nov;12,0;11,0;11,0
TEMPLATE_INF_PARAM_SEASONALITY_GENERIC_OBS;INF_PARAM;Maturity;Dec;13,0;12,0;12,0
TEMPLATE_INF_VOL_GENERIC_OBS;INF_VOL;Maturity;1M;78,5;0,001;32,0
TEMPLATE_INF_VOL_GENERIC_OBS;INF_VOL;Maturity;3M;160,75;47,5;94,0
TEMPLATE_INF_VOL_GENERIC_OBS;INF_VOL;Maturity;6M;252,0;116,25;183,0
TEMPLATE_INF_VOL_GENERIC_OBS;INF_VOL;Maturity;9M;344,0;206,0;275,0
TEMPLATE_INF_VOL_GENERIC_OBS;INF_VOL;Maturity;1Y;640,75;298,0;367,0
TEMPLATE_INF_VOL_GENERIC_OBS;INF_VOL;Maturity;2Y;1007,25;458,25;732,0
TEMPLATE_INF_VOL_GENERIC_OBS;INF_VOL;Maturity;3Y;1372,0;823,75;1099,0
TEMPLATE_INF_VOL_GENERIC_OBS;INF_VOL;Maturity;4Y;1736,75;1190,0;1463,0
TEMPLATE_INF_VOL_GENERIC_OBS;INF_VOL;Maturity;5Y;2376,25;1554,25;1828,0
TEMPLATE_INF_VOL_GENERIC_OBS;INF_VOL;Maturity;7Y;3381,0;2010,75;2559,0
TEMPLATE_INF_VOL_GENERIC_OBS;INF_VOL;Maturity;10Y;5024,5;2833,0;3655,0
TEMPLATE_INF_VOL_GENERIC_OBS;INF_VOL;Maturity;15Y;6851,25;4111,5;5481,0
TEMPLATE_INF_VOL_GENERIC_OBS;INF_VOL;Maturity;20Y;8677,5;5937,75;7308,0
TEMPLATE_INF_VOL_GENERIC_OBS;INF_VOL;Maturity;25Y;10504,25;7764,5;9134,0
TEMPLATE_INF_VOL_GENERIC_OBS;INF_VOL;Maturity;30Y;13699,25;9590,75;10961,0
TEMPLATE_INF_VOL_GENERIC_OBS;INF_VOL;Maturity;40Y;17351,75;11873,75;14612,0
TEMPLATE_INF_VOL_GENERIC_OBS;INF_VOL;Maturity;50Y;36500,0;15525,25;18265,0
TEMPLATE_INF_VOL_GENERIC_OBS;INF_VOL;Strike;-0.3;-0,225;-0,5;-0,3
TEMPLATE_INF_VOL_GENERIC_OBS;INF_VOL;Strike;-0.2;-0,125;-0,275;-0,2
TEMPLATE_INF_VOL_GENERIC_OBS;INF_VOL;Strike;-0.1;-0,025;-0,175;-0,1
TEMPLATE_INF_VOL_GENERIC_OBS;INF_VOL;Strike;0;0,075;-0,075;0,0
TEMPLATE_INF_VOL_GENERIC_OBS;INF_VOL;Strike;0.1;0,175;0,025;0,1
TEMPLATE_INF_VOL_GENERIC_OBS;INF_VOL;Strike;0.2;0,275;0,125;0,2
TEMPLATE_INF_VOL_GENERIC_OBS;INF_VOL;Strike;0.3;0,375;0,225;0,3
TEMPLATE_INF_VOL_GENERIC_OBS;INF_VOL;Strike;0.4;0,475;0,325;0,4
TEMPLATE_INF_VOL_GENERIC_OBS;INF_VOL;Strike;0.5;0,575;0,425;0,5
TEMPLATE_INF_VOL_GENERIC_OBS;INF_VOL;Strike;0.6;0,675;0,525;0,6
TEMPLATE_INF_VOL_GENERIC_OBS;INF_VOL;Strike;0.7;2,0;0,625;0,7
TEMPLATE_IR_CRV_GBPFUT_OBS;IR_CRV;Maturity;1D;7,5;0,001;3,0
TEMPLATE_IR_CRV_GBPFUT_OBS;IR_CRV;Maturity;1W;26,25;4,5;9,0
TEMPLATE_IR_CRV_GBPFUT_OBS;IR_CRV;Maturity;1M;54,5;14,75;32,0
TEMPLATE_IR_CRV_GBPFUT_OBS;IR_CRV;Maturity;2M;70,25;39,5;62,0
TEMPLATE_IR_CRV_GBPFUT_OBS;IR_CRV;Maturity;FUT 1;142,0;64,75;73,0
TEMPLATE_IR_CRV_GBPFUT_OBS;IR_CRV;Maturity;FUT 2;234,0;96,0;165,0
TEMPLATE_IR_CRV_GBPFUT_OBS;IR_CRV;Maturity;FUT 3;325,25;188,0;257,0
TEMPLATE_IR_CRV_GBPFUT_OBS;IR_CRV;Maturity;FUT 4;416,25;279,75;348,0
TEMPLATE_IR_CRV_GBPFUT_OBS;IR_CRV;Maturity;FUT 5;508,0;370,75;439,0
TEMPLATE_IR_CRV_GBPFUT_OBS;IR_CRV;Maturity;FUT 6;600,0;462,0;531,0
TEMPLATE_IR_CRV_GBPFUT_OBS;IR_CRV;Maturity;FUT 7;691,25;554,0;623,0
TEMPLATE_IR_CRV_GBPFUT_OBS;IR_CRV;Maturity;FUT 8;781,5;645,75;714,0
TEMPLATE_IR_CRV_GBPFUT_OBS;IR_CRV;Maturity;FUT 9;873,0;736,5;804,0
TEMPLATE_IR_CRV_GBPFUT_OBS;IR_CRV;Maturity;FUT 10;965,0;827,0;896,0
TEMPLATE_IR_CRV_GBPFUT_OBS;IR_CRV;Maturity;FUT 11;1056,25;919,0;988,0
TEMPLATE_IR_CRV_GBPFUT_OBS;IR_CRV;Maturity;FUT 12;1367,0;1010,75;1079,0
TEMPLATE_IR_CRV_GBPFUT_OBS;IR_CRV;Maturity;4Y;1736,75;1175,0;1463,0
TEMPLATE_IR_CRV_GBPFUT_OBS;IR_CRV;Maturity;5Y;2102,5;1554,25;1828,0
TEMPLATE_IR_CRV_GBPFUT_OBS;IR_CRV;Maturity;6Y;2467,75;1919,5;2194,0
TEMPLATE_IR_CRV_GBPFUT_OBS;IR_CRV;Maturity;7Y;2833,5;2285,25;2559,0
TEMPLATE_IR_CRV_GBPFUT_OBS;IR_CRV;Maturity;8Y;3198,75;2650,5;2925,0
TEMPLATE_IR_CRV_GBPFUT_OBS;IR_CRV;Maturity;9Y;3563,75;3016,25;3290,0
TEMPLATE_IR_CRV_GBPFUT_OBS;IR_CRV;Maturity;10Y;4202,5;3381,25;3655,0
TEMPLATE_IR_CRV_GBPFUT_OBS;IR_CRV;Maturity;12Y;5207,0;3837,5;4385,0
TEMPLATE_IR_CRV_GBPFUT_OBS;IR_CRV;Maturity;15Y;6851,25;4659,0;5481,0
TEMPLATE_IR_CRV_GBPFUT_OBS;IR_CRV;Maturity;20Y;8677,5;5937,75;7308,0
TEMPLATE_IR_CRV_GBPFUT_OBS;IR_CRV;Maturity;25Y;10504,25;7764,5;9134,0
TEMPLATE_IR_CRV_GBPFUT_OBS;IR_CRV;Maturity;30Y;13699,25;9590,75;10961,0
TEMPLATE_IR_CRV_GBPFUT_OBS;IR_CRV;Maturity;40Y;17351,75;11873,75;14612,0
TEMPLATE_IR_CRV_GBPFUT_OBS;IR_CRV;Maturity;50Y;21004,0;15525,25;18265,0
TEMPLATE_IR_CRV_GBPFUT_OBS;IR_CRV;Maturity;60Y;36500,0;19178,0;21917,0
TEMPLATE_IR_CRV_MXNFX_OBS;IR_CRV;Maturity;O/N;1,75;0,001;1,0
TEMPLATE_IR_CRV_MXNFX_OBS;IR_CRV;Maturity;T/N;2,75;1,25;2,0
TEMPLATE_IR_CRV_MXNFX_OBS;IR_CRV;Maturity;S/N;7,5;2,25;3,0
TEMPLATE_IR_CRV_MXNFX_OBS;IR_CRV;Maturity;1W;14,25;4,5;9,0
TEMPLATE_IR_CRV_MXNFX_OBS;IR_CRV;Maturity;2W;22,0;10,75;16,0
TEMPLATE_IR_CRV_MXNFX_OBS;IR_CRV;Maturity;3W;30,0;18,0;24,0
TEMPLATE_IR_CRV_MXNFX_OBS;IR_CRV;Maturity;1M;54,5;26,0;32,0
TEMPLATE_IR_CRV_MXNFX_OBS;IR_CRV;Maturity;2M;86,0;39,5;62,0
TEMPLATE_IR_CRV_MXNFX_OBS;IR_CRV;Maturity;3M;115,0;70,0;94,0
TEMPLATE_IR_CRV_MXNFX_OBS;IR_CRV;Maturity;4M;146,0;101,0;122,0
TEMPLATE_IR_CRV_MXNFX_OBS;IR_CRV;Maturity;5M;175,75;130,0;154,0
TEMPLATE_IR_CRV_MXNFX_OBS;IR_CRV;Maturity;6M;206,25;161,25;183,0
TEMPLATE_IR_CRV_MXNFX_OBS;IR_CRV;Maturity;7M;237,25;190,75;214,0
TEMPLATE_IR_CRV_MXNFX_OBS;IR_CRV;Maturity;8M;267,5;221,75;245,0
TEMPLATE_IR_CRV_MXNFX_OBS;IR_CRV;Maturity;9M;299,75;252,5;275,0
TEMPLATE_IR_CRV_MXNFX_OBS;IR_CRV;Maturity;10M;329,75;283,25;308,0
TEMPLATE_IR_CRV_MXNFX_OBS;IR_CRV;Maturity;11M;359,5;315,25;337,0
TEMPLATE_IR_CRV_MXNFX_OBS;IR_CRV;Maturity;1Y;436,0;344,5;367,0
TEMPLATE_IR_CRV_MXNFX_OBS;IR_CRV;Maturity;15M;526,5;390,0;459,0
TEMPLATE_IR_CRV_MXNFX_OBS;IR_CRV;Maturity;18M;686,25;481,5;549,0
TEMPLATE_IR_CRV_MXNFX_OBS;IR_CRV;Maturity;2Y;1007,25;594,75;732,0
TEMPLATE_IR_CRV_MXNFX_OBS;IR_CRV;Maturity;1092D;1372,0;823,75;1099,0
TEMPLATE_IR_CRV_MXNFX_OBS;IR_CRV;Maturity;1456D;1736,75;1190,0;1463,0
TEMPLATE_IR_CRV_MXNFX_OBS;IR_CRV;Maturity;1820D;2376,25;1554,25;1828,0
TEMPLATE_IR_CRV_MXNFX_OBS;IR_CRV;Maturity;2548D;3381,0;2010,75;2559,0
TEMPLATE_IR_CRV_MXNFX_OBS;IR_CRV;Maturity;3640D;4202,5;2833,0;3655,0
TEMPLATE_IR_CRV_MXNFX_OBS;IR_CRV;Maturity;4368D;5207,0;3837,5;4385,0
TEMPLATE_IR_CRV_MXNFX_OBS;IR_CRV;Maturity;5460D;6851,25;4659,0;5481,0
TEMPLATE_IR_CRV_MXNFX_OBS;IR_CRV;Maturity;7280D;10047,75;5937,75;7308,0
TEMPLATE_IR_CRV_MXNFX_OBS;IR_CRV;Maturity;10920D;36500,0;8221,25;10961,0
TEMPLATE_IR_CRV_MXN28_OBS;IR_CRV;Maturity;O/N;24,25;0,001;1,0
TEMPLATE_IR_CRV_MXN28_OBS;IR_CRV;Maturity;28D;65,0;8,75;32,0
TEMPLATE_IR_CRV_MXN28_OBS;IR_CRV;Maturity;84D;145,0;43,0;76,0
TEMPLATE_IR_CRV_MXN28_OBS;IR_CRV;Maturity;168D;225,75;99,0;168,0
TEMPLATE_IR_CRV_MXN28_OBS;IR_CRV;Maturity;252D;336,5;187,25;245,0
TEMPLATE_IR_CRV_MXN28_OBS;IR_CRV;Maturity;364D;640,75;275,5;367,0
TEMPLATE_IR_CRV_MXN28_OBS;IR_CRV;Maturity;728D;1007,25;458,25;732,0
TEMPLATE_IR_CRV_MXN28_OBS;IR_CRV;Maturity;1092D;1372,0;823,75;1099,0
TEMPLATE_IR_CRV_MXN28_OBS;IR_CRV;Maturity;1456D;1736,75;1190,0;1463,0
TEMPLATE_IR_CRV_MXN28_OBS;IR_CRV;Maturity;1820D;2376,25;1554,25;1828,0
TEMPLATE_IR_CRV_MXN28_OBS;IR_CRV;Maturity;2548D;3381,0;2010,75;2559,0
TEMPLATE_IR_CRV_MXN28_OBS;IR_CRV;Maturity;3640D;4202,5;2833,0;3655,0
TEMPLATE_IR_CRV_MXN28_OBS;IR_CRV;Maturity;4368D;5207,0;3837,5;4385,0
TEMPLATE_IR_CRV_MXN28_OBS;IR_CRV;Maturity;5460D;6851,25;4659,0;5481,0
TEMPLATE_IR_CRV_MXN28_OBS;IR_CRV;Maturity;7280D;10047,75;5937,75;7308,0
TEMPLATE_IR_CRV_MXN28_OBS;IR_CRV;Maturity;10920D;36500,0;8221,25;10961,0
TEMPLATE_IR_CRV_MXN1D_OBS;IR_CRV;Maturity;1D;36500,0;0,001;3,0
TEMPLATE_IR_CRV_FX_OBS;IR_CRV;Maturity;O/N;1,75;0,001;1,0
TEMPLATE_IR_CRV_FX_OBS;IR_CRV;Maturity;T/N;2,75;1,25;2,0
TEMPLATE_IR_CRV_FX_OBS;IR_CRV;Maturity;S/N;7,5;2,25;3,0
TEMPLATE_IR_CRV_FX_OBS;IR_CRV;Maturity;1W;14,25;4,5;9,0
TEMPLATE_IR_CRV_FX_OBS;IR_CRV;Maturity;2W;22,0;10,75;16,0
TEMPLATE_IR_CRV_FX_OBS;IR_CRV;Maturity;3W;30,0;18,0;24,0
TEMPLATE_IR_CRV_FX_OBS;IR_CRV;Maturity;1M;54,5;26,0;32,0
TEMPLATE_IR_CRV_FX_OBS;IR_CRV;Maturity;2M;86,0;39,5;62,0
TEMPLATE_IR_CRV_FX_OBS;IR_CRV;Maturity;3M;115,0;70,0;94,0
TEMPLATE_IR_CRV_FX_OBS;IR_CRV;Maturity;4M;146,0;101,0;122,0
TEMPLATE_IR_CRV_FX_OBS;IR_CRV;Maturity;5M;175,75;130,0;154,0
TEMPLATE_IR_CRV_FX_OBS;IR_CRV;Maturity;6M;206,25;161,25;183,0
TEMPLATE_IR_CRV_FX_OBS;IR_CRV;Maturity;7M;237,25;190,75;214,0
TEMPLATE_IR_CRV_FX_OBS;IR_CRV;Maturity;8M;267,5;221,75;245,0
TEMPLATE_IR_CRV_FX_OBS;IR_CRV;Maturity;9M;299,75;252,5;275,0
TEMPLATE_IR_CRV_FX_OBS;IR_CRV;Maturity;10M;329,75;283,25;308,0
TEMPLATE_IR_CRV_FX_OBS;IR_CRV;Maturity;11M;359,5;315,25;337,0
TEMPLATE_IR_CRV_FX_OBS;IR_CRV;Maturity;1Y;436,0;344,5;367,0
TEMPLATE_IR_CRV_FX_OBS;IR_CRV;Maturity;15M;526,5;390,0;459,0
TEMPLATE_IR_CRV_FX_OBS;IR_CRV;Maturity;18M;686,25;481,5;549,0
TEMPLATE_IR_CRV_FX_OBS;IR_CRV;Maturity;2Y;1007,25;594,75;732,0
TEMPLATE_IR_CRV_FX_OBS;IR_CRV;Maturity;3Y;1372,0;823,75;1099,0
TEMPLATE_IR_CRV_FX_OBS;IR_CRV;Maturity;4Y;1736,75;1190,0;1463,0
TEMPLATE_IR_CRV_FX_OBS;IR_CRV;Maturity;5Y;2102,5;1554,25;1828,0
TEMPLATE_IR_CRV_FX_OBS;IR_CRV;Maturity;6Y;2467,75;1919,5;2194,0
TEMPLATE_IR_CRV_FX_OBS;IR_CRV;Maturity;7Y;2833,5;2285,25;2559,0
TEMPLATE_IR_CRV_FX_OBS;IR_CRV;Maturity;8Y;3198,75;2650,5;2925,0
TEMPLATE_IR_CRV_FX_OBS;IR_CRV;Maturity;9Y;3563,75;3016,25;3290,0
TEMPLATE_IR_CRV_FX_OBS;IR_CRV;Maturity;10Y;4202,5;3381,25;3655,0
TEMPLATE_IR_CRV_FX_OBS;IR_CRV;Maturity;12Y;5207,0;3837,5;4385,0
TEMPLATE_IR_CRV_FX_OBS;IR_CRV;Maturity;15Y;6851,25;4659,0;5481,0
TEMPLATE_IR_CRV_FX_OBS;IR_CRV;Maturity;20Y;8677,5;5937,75;7308,0
TEMPLATE_IR_CRV_FX_OBS;IR_CRV;Maturity;25Y;10504,25;7764,5;9134,0
TEMPLATE_IR_CRV_FX_OBS;IR_CRV;Maturity;30Y;13699,25;9590,75;10961,0
TEMPLATE_IR_CRV_FX_OBS;IR_CRV;Maturity;40Y;17351,75;11873,75;14612,0
TEMPLATE_IR_CRV_FX_OBS;IR_CRV;Maturity;50Y;21004,0;15525,25;18265,0
TEMPLATE_IR_CRV_FX_OBS;IR_CRV;Maturity;60Y;24657,5;19178,0;21917,0
TEMPLATE_IR_CRV_FX_OBS;IR_CRV;Maturity;70Y;36500,0;22830,5;25571,0
TEMPLATE_IR_CRV_3M_OBS;IR_CRV;Maturity;O/N;1,75;0,001;1,0
TEMPLATE_IR_CRV_3M_OBS;IR_CRV;Maturity;T/N;2,75;1,25;2,0
TEMPLATE_IR_CRV_3M_OBS;IR_CRV;Maturity;1D;7,5;2,25;3,0
TEMPLATE_IR_CRV_3M_OBS;IR_CRV;Maturity;1W;26,25;4,5;9,0
TEMPLATE_IR_CRV_3M_OBS;IR_CRV;Maturity;1M;54,5;14,75;32,0
TEMPLATE_IR_CRV_3M_OBS;IR_CRV;Maturity;2M;86,0;39,5;62,0
TEMPLATE_IR_CRV_3M_OBS;IR_CRV;Maturity;3M;115,0;70,0;94,0
TEMPLATE_IR_CRV_3M_OBS;IR_CRV;Maturity;4M;146,0;101,0;122,0
TEMPLATE_IR_CRV_3M_OBS;IR_CRV;Maturity;5M;175,75;130,0;154,0
TEMPLATE_IR_CRV_3M_OBS;IR_CRV;Maturity;6M;206,25;161,25;183,0
TEMPLATE_IR_CRV_3M_OBS;IR_CRV;Maturity;7M;237,25;190,75;214,0
TEMPLATE_IR_CRV_3M_OBS;IR_CRV;Maturity;8M;267,5;221,75;245,0
TEMPLATE_IR_CRV_3M_OBS;IR_CRV;Maturity;9M;299,75;252,5;275,0
TEMPLATE_IR_CRV_3M_OBS;IR_CRV;Maturity;10M;329,75;283,25;308,0
TEMPLATE_IR_CRV_3M_OBS;IR_CRV;Maturity;11M;359,5;315,25;337,0
TEMPLATE_IR_CRV_3M_OBS;IR_CRV;Maturity;1Y;390,25;344,5;367,0
TEMPLATE_IR_CRV_3M_OBS;IR_CRV;Maturity;13M;420,5;374,75;398,0
TEMPLATE_IR_CRV_3M_OBS;IR_CRV;Maturity;14M;451,25;405,5;428,0
TEMPLATE_IR_CRV_3M_OBS;IR_CRV;Maturity;15M;526,5;435,75;459,0
TEMPLATE_IR_CRV_3M_OBS;IR_CRV;Maturity;18M;618,0;481,5;549,0
TEMPLATE_IR_CRV_3M_OBS;IR_CRV;Maturity;21M;709,25;572,0;641,0
TEMPLATE_IR_CRV_3M_OBS;IR_CRV;Maturity;2Y;801,0;663,75;732,0
TEMPLATE_IR_CRV_3M_OBS;IR_CRV;Maturity;27M;1030,25;755,0;824,0
TEMPLATE_IR_CRV_3M_OBS;IR_CRV;Maturity;3Y;1372,0;892,75;1099,0
TEMPLATE_IR_CRV_3M_OBS;IR_CRV;Maturity;4Y;1736,75;1190,0;1463,0
TEMPLATE_IR_CRV_3M_OBS;IR_CRV;Maturity;5Y;2102,5;1554,25;1828,0
TEMPLATE_IR_CRV_3M_OBS;IR_CRV;Maturity;6Y;2467,75;1919,5;2194,0
TEMPLATE_IR_CRV_3M_OBS;IR_CRV;Maturity;7Y;2833,5;2285,25;2559,0
TEMPLATE_IR_CRV_3M_OBS;IR_CRV;Maturity;8Y;3198,75;2650,5;2925,0
TEMPLATE_IR_CRV_3M_OBS;IR_CRV;Maturity;9Y;3563,75;3016,25;3290,0
TEMPLATE_IR_CRV_3M_OBS;IR_CRV;Maturity;10Y;4202,5;3381,25;3655,0
TEMPLATE_IR_CRV_3M_OBS;IR_CRV;Maturity;12Y;5207,0;3837,5;4385,0
TEMPLATE_IR_CRV_3M_OBS;IR_CRV;Maturity;15Y;6851,25;4659,0;5481,0
TEMPLATE_IR_CRV_3M_OBS;IR_CRV;Maturity;20Y;8677,5;5937,75;7308,0
TEMPLATE_IR_CRV_3M_OBS;IR_CRV;Maturity;25Y;10504,25;7764,5;9134,0
TEMPLATE_IR_CRV_3M_OBS;IR_CRV;Maturity;30Y;13699,25;9590,75;10961,0
TEMPLATE_IR_CRV_3M_OBS;IR_CRV;Maturity;40Y;17351,75;11873,75;14612,0
TEMPLATE_IR_CRV_3M_OBS;IR_CRV;Maturity;50Y;21004,0;15525,25;18265,0
TEMPLATE_IR_CRV_3M_OBS;IR_CRV;Maturity;60Y;36500,0;19178,0;21917,0
TEMPLATE_IR_CRV_6M_OBS;IR_CRV;Maturity;O/N;1,75;0,001;1,0
TEMPLATE_IR_CRV_6M_OBS;IR_CRV;Maturity;T/N;2,75;1,25;2,0
TEMPLATE_IR_CRV_6M_OBS;IR_CRV;Maturity;1D;7,5;2,25;3,0
TEMPLATE_IR_CRV_6M_OBS;IR_CRV;Maturity;1W;26,25;4,5;9,0
TEMPLATE_IR_CRV_6M_OBS;IR_CRV;Maturity;1M;54,5;14,75;32,0
TEMPLATE_IR_CRV_6M_OBS;IR_CRV;Maturity;2M;86,0;39,5;62,0
TEMPLATE_IR_CRV_6M_OBS;IR_CRV;Maturity;3M;115,0;70,0;94,0
TEMPLATE_IR_CRV_6M_OBS;IR_CRV;Maturity;4M;146,0;101,0;122,0
TEMPLATE_IR_CRV_6M_OBS;IR_CRV;Maturity;5M;175,75;130,0;154,0
TEMPLATE_IR_CRV_6M_OBS;IR_CRV;Maturity;6M;206,25;161,25;183,0
TEMPLATE_IR_CRV_6M_OBS;IR_CRV;Maturity;7M;237,25;190,75;214,0
TEMPLATE_IR_CRV_6M_OBS;IR_CRV;Maturity;8M;267,5;221,75;245,0
TEMPLATE_IR_CRV_6M_OBS;IR_CRV;Maturity;9M;299,75;252,5;275,0
TEMPLATE_IR_CRV_6M_OBS;IR_CRV;Maturity;10M;329,75;283,25;308,0
TEMPLATE_IR_CRV_6M_OBS;IR_CRV;Maturity;11M;359,5;315,25;337,0
TEMPLATE_IR_CRV_6M_OBS;IR_CRV;Maturity;1Y;390,25;344,5;367,0
TEMPLATE_IR_CRV_6M_OBS;IR_CRV;Maturity;13M;420,5;374,75;398,0
TEMPLATE_IR_CRV_6M_OBS;IR_CRV;Maturity;14M;451,25;405,5;428,0
TEMPLATE_IR_CRV_6M_OBS;IR_CRV;Maturity;15M;481,5;435,75;459,0
TEMPLATE_IR_CRV_6M_OBS;IR_CRV;Maturity;16M;510,75;466,5;489,0
TEMPLATE_IR_CRV_6M_OBS;IR_CRV;Maturity;17M;541,25;496,25;518,0
TEMPLATE_IR_CRV_6M_OBS;IR_CRV;Maturity;18M;618,0;525,75;549,0
TEMPLATE_IR_CRV_6M_OBS;IR_CRV;Maturity;21M;709,25;572,0;641,0
TEMPLATE_IR_CRV_6M_OBS;IR_CRV;Maturity;2Y;1007,25;663,75;732,0
TEMPLATE_IR_CRV_6M_OBS;IR_CRV;Maturity;3Y;1372,0;823,75;1099,0
TEMPLATE_IR_CRV_6M_OBS;IR_CRV;Maturity;4Y;1736,75;1190,0;1463,0
TEMPLATE_IR_CRV_6M_OBS;IR_CRV;Maturity;5Y;2102,5;1554,25;1828,0
TEMPLATE_IR_CRV_6M_OBS;IR_CRV;Maturity;6Y;2467,75;1919,5;2194,0
TEMPLATE_IR_CRV_6M_OBS;IR_CRV;Maturity;7Y;2833,5;2285,25;2559,0
TEMPLATE_IR_CRV_6M_OBS;IR_CRV;Maturity;8Y;3198,75;2650,5;2925,0
TEMPLATE_IR_CRV_6M_OBS;IR_CRV;Maturity;9Y;3563,75;3016,25;3290,0
TEMPLATE_IR_CRV_6M_OBS;IR_CRV;Maturity;10Y;4202,5;3381,25;3655,0
TEMPLATE_IR_CRV_6M_OBS;IR_CRV;Maturity;12Y;5207,0;3837,5;4385,0
TEMPLATE_IR_CRV_6M_OBS;IR_CRV;Maturity;15Y;6851,25;4659,0;5481,0
TEMPLATE_IR_CRV_6M_OBS;IR_CRV;Maturity;20Y;8677,5;5937,75;7308,0
TEMPLATE_IR_CRV_6M_OBS;IR_CRV;Maturity;25Y;10504,25;7764,5;9134,0
TEMPLATE_IR_CRV_6M_OBS;IR_CRV;Maturity;30Y;12329,75;9590,75;10961,0
TEMPLATE_IR_CRV_6M_OBS;IR_CRV;Maturity;35Y;14155,5;11417,25;12786,0
TEMPLATE_IR_CRV_6M_OBS;IR_CRV;Maturity;40Y;17351,75;13242,5;14612,0
TEMPLATE_IR_CRV_6M_OBS;IR_CRV;Maturity;50Y;21004,0;15525,25;18265,0
TEMPLATE_IR_CRV_6M_OBS;IR_CRV;Maturity;60Y;36500,0;19178,0;21917,0
TEMPLATE_IR_CRV_GENERIC_OBS;IR_CRV;Maturity;O/N;7,0;0,001;1,0
TEMPLATE_IR_CRV_GENERIC_OBS;IR_CRV;Maturity;1W;26,25;3,0;9,0
TEMPLATE_IR_CRV_GENERIC_OBS;IR_CRV;Maturity;1M;54,5;14,75;32,0
TEMPLATE_IR_CRV_GENERIC_OBS;IR_CRV;Maturity;2M;86,0;39,5;62,0
TEMPLATE_IR_CRV_GENERIC_OBS;IR_CRV;Maturity;3M;115,0;70,0;94,0
TEMPLATE_IR_CRV_GENERIC_OBS;IR_CRV;Maturity;4M;146,0;101,0;122,0
TEMPLATE_IR_CRV_GENERIC_OBS;IR_CRV;Maturity;5M;175,75;130,0;154,0
TEMPLATE_IR_CRV_GENERIC_OBS;IR_CRV;Maturity;6M;206,25;161,25;183,0
TEMPLATE_IR_CRV_GENERIC_OBS;IR_CRV;Maturity;7M;237,25;190,75;214,0
TEMPLATE_IR_CRV_GENERIC_OBS;IR_CRV;Maturity;8M;267,5;221,75;245,0
TEMPLATE_IR_CRV_GENERIC_OBS;IR_CRV;Maturity;9M;299,75;252,5;275,0
TEMPLATE_IR_CRV_GENERIC_OBS;IR_CRV;Maturity;10M;329,75;283,25;308,0
TEMPLATE_IR_CRV_GENERIC_OBS;IR_CRV;Maturity;11M;359,5;315,25;337,0
TEMPLATE_IR_CRV_GENERIC_OBS;IR_CRV;Maturity;1Y;436,0;344,5;367,0
TEMPLATE_IR_CRV_GENERIC_OBS;IR_CRV;Maturity;15M;526,5;390,0;459,0
TEMPLATE_IR_CRV_GENERIC_OBS;IR_CRV;Maturity;18M;618,0;481,5;549,0
TEMPLATE_IR_CRV_GENERIC_OBS;IR_CRV;Maturity;21M;709,25;572,0;641,0
TEMPLATE_IR_CRV_GENERIC_OBS;IR_CRV;Maturity;2Y;1007,25;663,75;732,0
TEMPLATE_IR_CRV_GENERIC_OBS;IR_CRV;Maturity;3Y;1372,0;823,75;1099,0
TEMPLATE_IR_CRV_GENERIC_OBS;IR_CRV;Maturity;4Y;1736,75;1190,0;1463,0
TEMPLATE_IR_CRV_GENERIC_OBS;IR_CRV;Maturity;5Y;2102,5;1554,25;1828,0
TEMPLATE_IR_CRV_GENERIC_OBS;IR_CRV;Maturity;6Y;2467,75;1919,5;2194,0
TEMPLATE_IR_CRV_GENERIC_OBS;IR_CRV;Maturity;7Y;2833,5;2285,25;2559,0
TEMPLATE_IR_CRV_GENERIC_OBS;IR_CRV;Maturity;8Y;3198,75;2650,5;2925,0
TEMPLATE_IR_CRV_GENERIC_OBS;IR_CRV;Maturity;9Y;3563,75;3016,25;3290,0
TEMPLATE_IR_CRV_GENERIC_OBS;IR_CRV;Maturity;10Y;4202,5;3381,25;3655,0
TEMPLATE_IR_CRV_GENERIC_OBS;IR_CRV;Maturity;12Y;5207,0;3837,5;4385,0
TEMPLATE_IR_CRV_GENERIC_OBS;IR_CRV;Maturity;15Y;6851,25;4659,0;5481,0
TEMPLATE_IR_CRV_GENERIC_OBS;IR_CRV;Maturity;20Y;8677,5;5937,75;7308,0
TEMPLATE_IR_CRV_GENERIC_OBS;IR_CRV;Maturity;25Y;10504,25;7764,5;9134,0
TEMPLATE_IR_CRV_GENERIC_OBS;IR_CRV;Maturity;30Y;13699,25;9590,75;10961,0
TEMPLATE_IR_CRV_GENERIC_OBS;IR_CRV;Maturity;40Y;17351,75;11873,75;14612,0
TEMPLATE_IR_CRV_GENERIC_OBS;IR_CRV;Maturity;50Y;21004,0;15525,25;18265,0
TEMPLATE_IR_CRV_GENERIC_OBS;IR_CRV;Maturity;60Y;36500,0;19178,0;21917,0
TEMPLATE_CSP_CRV_GENERIC_2W_OBS;IR_CRV;Maturity;2W;28,0;0,001;16,0
TEMPLATE_CSP_CRV_GENERIC_2W_OBS;IR_CRV;Maturity;1M;42,5;20,0;32,0
TEMPLATE_CSP_CRV_GENERIC_2W_OBS;IR_CRV;Maturity;1M2W;58,0;35,5;46,0
TEMPLATE_CSP_CRV_GENERIC_2W_OBS;IR_CRV;Maturity;2M;72,5;50,0;62,0
TEMPLATE_CSP_CRV_GENERIC_2W_OBS;IR_CRV;Maturity;2M2W;89,5;65,5;76,0
TEMPLATE_CSP_CRV_GENERIC_2W_OBS;IR_CRV;Maturity;3M;104,5;80,5;94,0
TEMPLATE_CSP_CRV_GENERIC_2W_OBS;IR_CRV;Maturity;3M2W;118,5;97,5;108,0
TEMPLATE_CSP_CRV_GENERIC_2W_OBS;IR_CRV;Maturity;4M;132,5;111,5;122,0
TEMPLATE_CSP_CRV_GENERIC_2W_OBS;IR_CRV;Maturity;4M2W;149,5;125,5;136,0
TEMPLATE_CSP_CRV_GENERIC_2W_OBS;IR_CRV;Maturity;5M;164,5;140,5;154,0
TEMPLATE_CSP_CRV_GENERIC_2W_OBS;IR_CRV;Maturity;5M2W;179,25;157,5;168,0
TEMPLATE_CSP_CRV_GENERIC_2W_OBS;IR_CRV;Maturity;6M;193,5;171,75;183,0
TEMPLATE_CSP_CRV_GENERIC_2W_OBS;IR_CRV;Maturity;6M2W;209,75;186,5;197,0
TEMPLATE_CSP_CRV_GENERIC_2W_OBS;IR_CRV;Maturity;7M;224,5;201,25;214,0
TEMPLATE_CSP_CRV_GENERIC_2W_OBS;IR_CRV;Maturity;7M2W;240,75;217,5;228,0
TEMPLATE_CSP_CRV_GENERIC_2W_OBS;IR_CRV;Maturity;8M;255,5;232,25;245,0
TEMPLATE_CSP_CRV_GENERIC_2W_OBS;IR_CRV;Maturity;8M2W;271,0;248,5;259,0
TEMPLATE_CSP_CRV_GENERIC_2W_OBS;IR_CRV;Maturity;9M;285,5;263,0;275,0
TEMPLATE_CSP_CRV_GENERIC_2W_OBS;IR_CRV;Maturity;9M2W;303,25;278,5;289,0
TEMPLATE_CSP_CRV_GENERIC_2W_OBS;IR_CRV;Maturity;10M;318,5;293,75;308,0
TEMPLATE_CSP_CRV_GENERIC_2W_OBS;IR_CRV;Maturity;10M2W;333,25;311,5;322,0
TEMPLATE_CSP_CRV_GENERIC_2W_OBS;IR_CRV;Maturity;11M;347,5;325,75;337,0
TEMPLATE_CSP_CRV_GENERIC_2W_OBS;IR_CRV;Maturity;11M2W;363,0;340,5;351,0
TEMPLATE_CSP_CRV_GENERIC_2W_OBS;IR_CRV;Maturity;1Y;640,75;355,0;367,0
TEMPLATE_CSP_CRV_GENERIC_2W_OBS;IR_CRV;Maturity;2Y;1007,25;458,25;732,0
TEMPLATE_CSP_CRV_GENERIC_2W_OBS;IR_CRV;Maturity;3Y;1372,0;823,75;1099,0
TEMPLATE_CSP_CRV_GENERIC_2W_OBS;IR_CRV;Maturity;4Y;1736,75;1190,0;1463,0
TEMPLATE_CSP_CRV_GENERIC_2W_OBS;IR_CRV;Maturity;5Y;2102,5;1554,25;1828,0
TEMPLATE_CSP_CRV_GENERIC_2W_OBS;IR_CRV;Maturity;6Y;2467,75;1919,5;2194,0
TEMPLATE_CSP_CRV_GENERIC_2W_OBS;IR_CRV;Maturity;7Y;2833,5;2285,25;2559,0
TEMPLATE_CSP_CRV_GENERIC_2W_OBS;IR_CRV;Maturity;8Y;3198,75;2650,5;2925,0
TEMPLATE_CSP_CRV_GENERIC_2W_OBS;IR_CRV;Maturity;9Y;3563,75;3016,25;3290,0
TEMPLATE_CSP_CRV_GENERIC_2W_OBS;IR_CRV;Maturity;10Y;3928,75;3381,25;3655,0
TEMPLATE_CSP_CRV_GENERIC_2W_OBS;IR_CRV;Maturity;11Y;4293,75;3746,25;4020,0
TEMPLATE_CSP_CRV_GENERIC_2W_OBS;IR_CRV;Maturity;12Y;4658,75;4111,25;4385,0
TEMPLATE_CSP_CRV_GENERIC_2W_OBS;IR_CRV;Maturity;13Y;5023,75;4476,25;4750,0
TEMPLATE_CSP_CRV_GENERIC_2W_OBS;IR_CRV;Maturity;14Y;5389,5;4841,25;5115,0
TEMPLATE_CSP_CRV_GENERIC_2W_OBS;IR_CRV;Maturity;15Y;5754,75;5206,5;5481,0
TEMPLATE_CSP_CRV_GENERIC_2W_OBS;IR_CRV;Maturity;16Y;6119,75;5572,25;5846,0
TEMPLATE_CSP_CRV_GENERIC_2W_OBS;IR_CRV;Maturity;17Y;6484,75;5937,25;6211,0
TEMPLATE_CSP_CRV_GENERIC_2W_OBS;IR_CRV;Maturity;18Y;6849,75;6302,25;6576,0
TEMPLATE_CSP_CRV_GENERIC_2W_OBS;IR_CRV;Maturity;19Y;7216,25;6667,25;6941,0
TEMPLATE_CSP_CRV_GENERIC_2W_OBS;IR_CRV;Maturity;20Y;7575,75;7032,75;7308,0
TEMPLATE_CSP_CRV_GENERIC_2W_OBS;IR_CRV;Maturity;21Y;7938,75;7397,25;7665,0
TEMPLATE_CSP_CRV_GENERIC_2W_OBS;IR_CRV;Maturity;22Y;8303,75;7756,25;8030,0
TEMPLATE_CSP_CRV_GENERIC_2W_OBS;IR_CRV;Maturity;23Y;8668,75;8121,25;8395,0
TEMPLATE_CSP_CRV_GENERIC_2W_OBS;IR_CRV;Maturity;24Y;9040,5;8486,25;8760,0
TEMPLATE_CSP_CRV_GENERIC_2W_OBS;IR_CRV;Maturity;25Y;9401,0;8853,5;9134,0
TEMPLATE_CSP_CRV_GENERIC_2W_OBS;IR_CRV;Maturity;26Y;9763,75;9223,0;9490,0
TEMPLATE_CSP_CRV_GENERIC_2W_OBS;IR_CRV;Maturity;27Y;10128,75;9581,25;9855,0
TEMPLATE_CSP_CRV_GENERIC_2W_OBS;IR_CRV;Maturity;28Y;10493,75;9946,25;10220,0
TEMPLATE_CSP_CRV_GENERIC_2W_OBS;IR_CRV;Maturity;29Y;10867,0;10311,25;10585,0
TEMPLATE_CSP_CRV_GENERIC_2W_OBS;IR_CRV;Maturity;30Y;11226,5;10679,0;10961,0
TEMPLATE_CSP_CRV_GENERIC_2W_OBS;IR_CRV;Maturity;31Y;11588,75;11049,5;11315,0
TEMPLATE_CSP_CRV_GENERIC_2W_OBS;IR_CRV;Maturity;32Y;11953,75;11406,25;11680,0
TEMPLATE_CSP_CRV_GENERIC_2W_OBS;IR_CRV;Maturity;33Y;12318,75;11771,25;12045,0
TEMPLATE_CSP_CRV_GENERIC_2W_OBS;IR_CRV;Maturity;34Y;12692,0;12136,25;12410,0
TEMPLATE_CSP_CRV_GENERIC_2W_OBS;IR_CRV;Maturity;35Y;13051,5;12504,0;12786,0
TEMPLATE_CSP_CRV_GENERIC_2W_OBS;IR_CRV;Maturity;36Y;13413,75;12874,5;13140,0
TEMPLATE_CSP_CRV_GENERIC_2W_OBS;IR_CRV;Maturity;37Y;13778,75;13231,25;13505,0
TEMPLATE_CSP_CRV_GENERIC_2W_OBS;IR_CRV;Maturity;38Y;14143,75;13596,25;13870,0
TEMPLATE_CSP_CRV_GENERIC_2W_OBS;IR_CRV;Maturity;39Y;14517,75;13961,25;14235,0
TEMPLATE_CSP_CRV_GENERIC_2W_OBS;IR_CRV;Maturity;40Y;14876,75;14329,25;14612,0
TEMPLATE_CSP_CRV_GENERIC_2W_OBS;IR_CRV;Maturity;41Y;15238,75;14700,25;14965,0
TEMPLATE_CSP_CRV_GENERIC_2W_OBS;IR_CRV;Maturity;42Y;15603,75;15056,25;15330,0
TEMPLATE_CSP_CRV_GENERIC_2W_OBS;IR_CRV;Maturity;43Y;15968,75;15421,25;15695,0
TEMPLATE_CSP_CRV_GENERIC_2W_OBS;IR_CRV;Maturity;44Y;16333,75;15786,25;16060,0
TEMPLATE_CSP_CRV_GENERIC_2W_OBS;IR_CRV;Maturity;45Y;16698,75;16151,25;16425,0
TEMPLATE_CSP_CRV_GENERIC_2W_OBS;IR_CRV;Maturity;46Y;17063,75;16516,25;16790,0
TEMPLATE_CSP_CRV_GENERIC_2W_OBS;IR_CRV;Maturity;47Y;17428,75;16881,25;17155,0
TEMPLATE_CSP_CRV_GENERIC_2W_OBS;IR_CRV;Maturity;48Y;17793,75;17246,25;17520,0
TEMPLATE_CSP_CRV_GENERIC_2W_OBS;IR_CRV;Maturity;49Y;18170,0;17611,25;17885,0
TEMPLATE_CSP_CRV_GENERIC_2W_OBS;IR_CRV;Maturity;50Y;36500,0;17980,0;18265,0
TEMPLATE_IR_CRV_UDIFX_OBS;IR_CRV;Maturity;364D;640,75;0,001;367,0
TEMPLATE_IR_CRV_UDIFX_OBS;IR_CRV;Maturity;728D;1007,25;458,25;732,0
TEMPLATE_IR_CRV_UDIFX_OBS;IR_CRV;Maturity;1092D;1645,75;823,75;1099,0
TEMPLATE_IR_CRV_UDIFX_OBS;IR_CRV;Maturity;1820D;2376,25;1281,25;1828,0
TEMPLATE_IR_CRV_UDIFX_OBS;IR_CRV;Maturity;2548D;3381,0;2010,75;2559,0
TEMPLATE_IR_CRV_UDIFX_OBS;IR_CRV;Maturity;3640D;5024,5;2833,0;3655,0
TEMPLATE_IR_CRV_UDIFX_OBS;IR_CRV;Maturity;5460D;6851,25;4111,5;5481,0
TEMPLATE_IR_CRV_UDIFX_OBS;IR_CRV;Maturity;7280D;10047,75;5937,75;7308,0
TEMPLATE_IR_CRV_UDIFX_OBS;IR_CRV;Maturity;10920D;36500,0;8221,25;10961,0
TEMPLATE_IR_CRV_REPO_EUR_OBS;IR_CRV;Maturity;O/N;1,75;0,001;1,0
TEMPLATE_IR_CRV_REPO_EUR_OBS;IR_CRV;Maturity;T/N;7,25;1,25;2,0
TEMPLATE_IR_CRV_REPO_EUR_OBS;IR_CRV;Maturity;1W;14,25;3,75;9,0
TEMPLATE_IR_CRV_REPO_EUR_OBS;IR_CRV;Maturity;2W;28,0;10,75;16,0
TEMPLATE_IR_CRV_REPO_EUR_OBS;IR_CRV;Maturity;1M;54,5;20,0;32,0
TEMPLATE_IR_CRV_REPO_EUR_OBS;IR_CRV;Maturity;2M;86,0;39,5;62,0
TEMPLATE_IR_CRV_REPO_EUR_OBS;IR_CRV;Maturity;3M;160,75;70,0;94,0
TEMPLATE_IR_CRV_REPO_EUR_OBS;IR_CRV;Maturity;6M;252,0;116,25;183,0
TEMPLATE_IR_CRV_REPO_EUR_OBS;IR_CRV;Maturity;9M;344,0;206,0;275,0
TEMPLATE_IR_CRV_REPO_EUR_OBS;IR_CRV;Maturity;1Y;640,75;298,0;367,0
TEMPLATE_IR_CRV_REPO_EUR_OBS;IR_CRV;Maturity;2Y;1007,25;458,25;732,0
TEMPLATE_IR_CRV_REPO_EUR_OBS;IR_CRV;Maturity;3Y;1372,0;823,75;1099,0
TEMPLATE_IR_CRV_REPO_EUR_OBS;IR_CRV;Maturity;4Y;1736,75;1190,0;1463,0
TEMPLATE_IR_CRV_REPO_EUR_OBS;IR_CRV;Maturity;5Y;2102,5;1554,25;1828,0
TEMPLATE_IR_CRV_REPO_EUR_OBS;IR_CRV;Maturity;6Y;2467,75;1919,5;2194,0
TEMPLATE_IR_CRV_REPO_EUR_OBS;IR_CRV;Maturity;7Y;2833,5;2285,25;2559,0
TEMPLATE_IR_CRV_REPO_EUR_OBS;IR_CRV;Maturity;8Y;3198,75;2650,5;2925,0
TEMPLATE_IR_CRV_REPO_EUR_OBS;IR_CRV;Maturity;9Y;3563,75;3016,25;3290,0
TEMPLATE_IR_CRV_REPO_EUR_OBS;IR_CRV;Maturity;10Y;36500,0;3381,25;3655,0
TEMPLATE_IR_CRV_REPO_GBP_OBS;IR_CRV;Maturity;O/N;1,75;0,001;1,0
TEMPLATE_IR_CRV_REPO_GBP_OBS;IR_CRV;Maturity;T/N;7,25;1,25;2,0
TEMPLATE_IR_CRV_REPO_GBP_OBS;IR_CRV;Maturity;1W;26,25;3,75;9,0
TEMPLATE_IR_CRV_REPO_GBP_OBS;IR_CRV;Maturity;1M;54,5;14,75;32,0
TEMPLATE_IR_CRV_REPO_GBP_OBS;IR_CRV;Maturity;2M;86,0;39,5;62,0
TEMPLATE_IR_CRV_REPO_GBP_OBS;IR_CRV;Maturity;3M;115,0;70,0;94,0
TEMPLATE_IR_CRV_REPO_GBP_OBS;IR_CRV;Maturity;4M;146,0;101,0;122,0
TEMPLATE_IR_CRV_REPO_GBP_OBS;IR_CRV;Maturity;5M;175,75;130,0;154,0
TEMPLATE_IR_CRV_REPO_GBP_OBS;IR_CRV;Maturity;6M;206,25;161,25;183,0
TEMPLATE_IR_CRV_REPO_GBP_OBS;IR_CRV;Maturity;7M;237,25;190,75;214,0
TEMPLATE_IR_CRV_REPO_GBP_OBS;IR_CRV;Maturity;8M;267,5;221,75;245,0
TEMPLATE_IR_CRV_REPO_GBP_OBS;IR_CRV;Maturity;9M;299,75;252,5;275,0
TEMPLATE_IR_CRV_REPO_GBP_OBS;IR_CRV;Maturity;10M;329,75;283,25;308,0
TEMPLATE_IR_CRV_REPO_GBP_OBS;IR_CRV;Maturity;11M;359,5;315,25;337,0
TEMPLATE_IR_CRV_REPO_GBP_OBS;IR_CRV;Maturity;1Y;640,75;344,5;367,0
TEMPLATE_IR_CRV_REPO_GBP_OBS;IR_CRV;Maturity;2Y;1007,25;458,25;732,0
TEMPLATE_IR_CRV_REPO_GBP_OBS;IR_CRV;Maturity;3Y;1372,0;823,75;1099,0
TEMPLATE_IR_CRV_REPO_GBP_OBS;IR_CRV;Maturity;4Y;1736,75;1190,0;1463,0
TEMPLATE_IR_CRV_REPO_GBP_OBS;IR_CRV;Maturity;5Y;36500,0;1554,25;1828,0
TEMPLATE_IR_CRV_REPO_MXN_OBS;IR_CRV;Maturity;O/N;2,5;0,001;1,0
TEMPLATE_IR_CRV_REPO_MXN_OBS;IR_CRV;Maturity;1D;7,5;1,5;3,0
TEMPLATE_IR_CRV_REPO_MXN_OBS;IR_CRV;Maturity;7D;14,25;4,5;9,0
TEMPLATE_IR_CRV_REPO_MXN_OBS;IR_CRV;Maturity;14D;21,25;10,75;16,0
TEMPLATE_IR_CRV_REPO_MXN_OBS;IR_CRV;Maturity;21D;29,75;17,75;23,0
TEMPLATE_IR_CRV_REPO_MXN_OBS;IR_CRV;Maturity;28D;54,5;25,25;32,0
TEMPLATE_IR_CRV_REPO_MXN_OBS;IR_CRV;Maturity;60D;86,0;39,5;62,0
TEMPLATE_IR_CRV_REPO_MXN_OBS;IR_CRV;Maturity;90D;160,75;70,0;94,0
TEMPLATE_IR_CRV_REPO_MXN_OBS;IR_CRV;Maturity;180D;252,0;116,25;183,0
TEMPLATE_IR_CRV_REPO_MXN_OBS;IR_CRV;Maturity;270D;344,0;206,0;275,0
TEMPLATE_IR_CRV_REPO_MXN_OBS;IR_CRV;Maturity;360D;36500,0;298,0;367,0
TEMPLATE_IR_CRV_REPO_USD_OBS;IR_CRV;Maturity;1D;7,5;0,001;3,0
TEMPLATE_IR_CRV_REPO_USD_OBS;IR_CRV;Maturity;1W;26,25;4,5;9,0
TEMPLATE_IR_CRV_REPO_USD_OBS;IR_CRV;Maturity;1M;54,5;14,75;32,0
TEMPLATE_IR_CRV_REPO_USD_OBS;IR_CRV;Maturity;2M;86,0;39,5;62,0
TEMPLATE_IR_CRV_REPO_USD_OBS;IR_CRV;Maturity;3M;160,75;70,0;94,0
TEMPLATE_IR_CRV_REPO_USD_OBS;IR_CRV;Maturity;6M;252,0;116,25;183,0
TEMPLATE_IR_CRV_REPO_USD_OBS;IR_CRV;Maturity;9M;344,0;206,0;275,0
TEMPLATE_IR_CRV_REPO_USD_OBS;IR_CRV;Maturity;1Y;640,75;298,0;367,0
TEMPLATE_IR_CRV_REPO_USD_OBS;IR_CRV;Maturity;2Y;1007,25;458,25;732,0
TEMPLATE_IR_CRV_REPO_USD_OBS;IR_CRV;Maturity;3Y;1372,0;823,75;1099,0
TEMPLATE_IR_CRV_REPO_USD_OBS;IR_CRV;Maturity;4Y;1736,75;1190,0;1463,0
TEMPLATE_IR_CRV_REPO_USD_OBS;IR_CRV;Maturity;5Y;36500,0;1554,25;1828,0
TEMPLATE_IR_CRV_REPO_GENERIC_OBS;IR_CRV;Maturity;O/N;1,75;0,001;1,0
TEMPLATE_IR_CRV_REPO_GENERIC_OBS;IR_CRV;Maturity;T/N;2,75;1,25;2,0
TEMPLATE_IR_CRV_REPO_GENERIC_OBS;IR_CRV;Maturity;1D;7,5;2,25;3,0
TEMPLATE_IR_CRV_REPO_GENERIC_OBS;IR_CRV;Maturity;1W;26,25;4,5;9,0
TEMPLATE_IR_CRV_REPO_GENERIC_OBS;IR_CRV;Maturity;1M;54,5;14,75;32,0
TEMPLATE_IR_CRV_REPO_GENERIC_OBS;IR_CRV;Maturity;2M;86,0;39,5;62,0
TEMPLATE_IR_CRV_REPO_GENERIC_OBS;IR_CRV;Maturity;3M;160,75;70,0;94,0
TEMPLATE_IR_CRV_REPO_GENERIC_OBS;IR_CRV;Maturity;6M;252,0;116,25;183,0
TEMPLATE_IR_CRV_REPO_GENERIC_OBS;IR_CRV;Maturity;9M;344,0;206,0;275,0
TEMPLATE_IR_CRV_REPO_GENERIC_OBS;IR_CRV;Maturity;1Y;640,75;298,0;367,0
TEMPLATE_IR_CRV_REPO_GENERIC_OBS;IR_CRV;Maturity;2Y;1007,25;458,25;732,0
TEMPLATE_IR_CRV_REPO_GENERIC_OBS;IR_CRV;Maturity;3Y;1372,0;823,75;1099,0
TEMPLATE_IR_CRV_REPO_GENERIC_OBS;IR_CRV;Maturity;4Y;1736,75;1190,0;1463,0
TEMPLATE_IR_CRV_REPO_GENERIC_OBS;IR_CRV;Maturity;5Y;2102,5;1554,25;1828,0
TEMPLATE_IR_CRV_REPO_GENERIC_OBS;IR_CRV;Maturity;6Y;2467,75;1919,5;2194,0
TEMPLATE_IR_CRV_REPO_GENERIC_OBS;IR_CRV;Maturity;7Y;2833,5;2285,25;2559,0
TEMPLATE_IR_CRV_REPO_GENERIC_OBS;IR_CRV;Maturity;8Y;3198,75;2650,5;2925,0
TEMPLATE_IR_CRV_REPO_GENERIC_OBS;IR_CRV;Maturity;9Y;3563,75;3016,25;3290,0
TEMPLATE_IR_CRV_REPO_GENERIC_OBS;IR_CRV;Maturity;10Y;36500,0;3381,25;3655,0
TEMPLATE_FX_VOL_GENERIC_OBS;FX_VOL;Maturity;1D;7,5;0,001;3,0
TEMPLATE_FX_VOL_GENERIC_OBS;FX_VOL;Maturity;1W;14,25;4,5;9,0
TEMPLATE_FX_VOL_GENERIC_OBS;FX_VOL;Maturity;2W;22,0;10,75;16,0
TEMPLATE_FX_VOL_GENERIC_OBS;FX_VOL;Maturity;3W;30,0;18,0;24,0
TEMPLATE_FX_VOL_GENERIC_OBS;FX_VOL;Maturity;1M;54,5;26,0;32,0
TEMPLATE_FX_VOL_GENERIC_OBS;FX_VOL;Maturity;2M;86,0;39,5;62,0
TEMPLATE_FX_VOL_GENERIC_OBS;FX_VOL;Maturity;3M;160,75;70,0;94,0
TEMPLATE_FX_VOL_GENERIC_OBS;FX_VOL;Maturity;6M;252,0;116,25;183,0
TEMPLATE_FX_VOL_GENERIC_OBS;FX_VOL;Maturity;9M;344,0;206,0;275,0
TEMPLATE_FX_VOL_GENERIC_OBS;FX_VOL;Maturity;1Y;640,75;298,0;367,0
TEMPLATE_FX_VOL_GENERIC_OBS;FX_VOL;Maturity;2Y;1007,25;458,25;732,0
TEMPLATE_FX_VOL_GENERIC_OBS;FX_VOL;Maturity;3Y;1372,0;823,75;1099,0
TEMPLATE_FX_VOL_GENERIC_OBS;FX_VOL;Maturity;4Y;1736,75;1190,0;1463,0
TEMPLATE_FX_VOL_GENERIC_OBS;FX_VOL;Maturity;5Y;2376,25;1554,25;1828,0
TEMPLATE_FX_VOL_GENERIC_OBS;FX_VOL;Maturity;7Y;3381,0;2010,75;2559,0
TEMPLATE_FX_VOL_GENERIC_OBS;FX_VOL;Maturity;10Y;5024,5;2833,0;3655,0
TEMPLATE_FX_VOL_GENERIC_OBS;FX_VOL;Maturity;15Y;36500,0;4111,5;5481,0
TEMPLATE_FX_VOL_GENERIC_OBS;FX_VOL;Option Delta;10FLY;20,0;0,0;15,0
TEMPLATE_FX_VOL_GENERIC_OBS;FX_VOL;Option Delta;25RR;40,0;20,0;25,0
TEMPLATE_FX_VOL_GENERIC_OBS;FX_VOL;Option Delta;ATM;51,0;40,0;55,0
TEMPLATE_FX_VOL_GENERIC_OBS;FX_VOL;Option Delta;25FLY;51,0;51,0;55,0
TEMPLATE_FX_VOL_GENERIC_OBS;FX_VOL;Option Delta;10RR;51,0;51,0;55,0
TEMPLATE_IR_VOL_CF_MXN_OBS;IR_VOL;Maturity;56D;117,5;0,001;62,0
TEMPLATE_IR_VOL_CF_MXN_OBS;IR_VOL;Maturity;140D;194,5;80,5;136,0
TEMPLATE_IR_VOL_CF_MXN_OBS;IR_VOL;Maturity;224D;306,25;155,5;214,0
TEMPLATE_IR_VOL_CF_MXN_OBS;IR_VOL;Maturity;336D;633,25;244,75;337,0
TEMPLATE_IR_VOL_CF_MXN_OBS;IR_VOL;Maturity;700D;960,75;435,75;732,0
TEMPLATE_IR_VOL_CF_MXN_OBS;IR_VOL;Maturity;1064D;1356,5;808,25;1037,0
TEMPLATE_IR_VOL_CF_MXN_OBS;IR_VOL;Maturity;1428D;1736,75;1143,5;1463,0
TEMPLATE_IR_VOL_CF_MXN_OBS;IR_VOL;Maturity;1792D;2376,25;1554,25;1828,0
TEMPLATE_IR_VOL_CF_MXN_OBS;IR_VOL;Maturity;2520D;3381,0;2010,75;2559,0
TEMPLATE_IR_VOL_CF_MXN_OBS;IR_VOL;Maturity;3612D;36500,0;2833,0;3655,0
TEMPLATE_IR_VOL_CF_GENERIC_OBS;IR_VOL;Maturity;1M;78,5;0,001;32,0
TEMPLATE_IR_VOL_CF_GENERIC_OBS;IR_VOL;Maturity;3M;160,75;47,5;94,0
TEMPLATE_IR_VOL_CF_GENERIC_OBS;IR_VOL;Maturity;6M;321,0;116,25;183,0
TEMPLATE_IR_VOL_CF_GENERIC_OBS;IR_VOL;Maturity;1Y;640,75;229,0;367,0
TEMPLATE_IR_VOL_CF_GENERIC_OBS;IR_VOL;Maturity;2Y;1007,25;458,25;732,0
TEMPLATE_IR_VOL_CF_GENERIC_OBS;IR_VOL;Maturity;3Y;1372,0;823,75;1099,0
TEMPLATE_IR_VOL_CF_GENERIC_OBS;IR_VOL;Maturity;4Y;1736,75;1190,0;1463,0
TEMPLATE_IR_VOL_CF_GENERIC_OBS;IR_VOL;Maturity;5Y;2376,25;1554,25;1828,0
TEMPLATE_IR_VOL_CF_GENERIC_OBS;IR_VOL;Maturity;7Y;3381,0;2010,75;2559,0
TEMPLATE_IR_VOL_CF_GENERIC_OBS;IR_VOL;Maturity;10Y;4202,5;2833,0;3655,0
TEMPLATE_IR_VOL_CF_GENERIC_OBS;IR_VOL;Maturity;12Y;5207,0;3837,5;4385,0
TEMPLATE_IR_VOL_CF_GENERIC_OBS;IR_VOL;Maturity;15Y;6851,25;4659,0;5481,0
TEMPLATE_IR_VOL_CF_GENERIC_OBS;IR_VOL;Maturity;20Y;8677,5;5937,75;7308,0
TEMPLATE_IR_VOL_CF_GENERIC_OBS;IR_VOL;Maturity;25Y;10504,25;7764,5;9134,0
TEMPLATE_IR_VOL_CF_GENERIC_OBS;IR_VOL;Maturity;30Y;36500,0;9590,75;10961,0
TEMPLATE_IR_VOL_CF_RED_OBS;IR_VOL;Maturity;1M;78,5;0,001;32,0
TEMPLATE_IR_VOL_CF_RED_OBS;IR_VOL;Maturity;3M;160,75;47,5;94,0
TEMPLATE_IR_VOL_CF_RED_OBS;IR_VOL;Maturity;6M;321,0;116,25;183,0
TEMPLATE_IR_VOL_CF_RED_OBS;IR_VOL;Maturity;1Y;640,75;229,0;367,0
TEMPLATE_IR_VOL_CF_RED_OBS;IR_VOL;Maturity;2Y;1007,25;458,25;732,0
TEMPLATE_IR_VOL_CF_RED_OBS;IR_VOL;Maturity;3Y;1645,75;823,75;1099,0
TEMPLATE_IR_VOL_CF_RED_OBS;IR_VOL;Maturity;5Y;2376,25;1281,25;1828,0
TEMPLATE_IR_VOL_CF_RED_OBS;IR_VOL;Maturity;7Y;3381,0;2010,75;2559,0
TEMPLATE_IR_VOL_CF_RED_OBS;IR_VOL;Maturity;10Y;5024,5;2833,0;3655,0
TEMPLATE_IR_VOL_CF_RED_OBS;IR_VOL;Maturity;15Y;6851,25;4111,5;5481,0
TEMPLATE_IR_VOL_CF_RED_OBS;IR_VOL;Maturity;20Y;10047,75;5937,75;7308,0
TEMPLATE_IR_VOL_CF_RED_OBS;IR_VOL;Maturity;30Y;36500,0;8221,25;10961,0
TEMPLATE_IR_VOL_CF_MXN_OBS;IR_VOL;Strike;-3;-2,625;-3,375;-3,0
TEMPLATE_IR_VOL_CF_MXN_OBS;IR_VOL;Strike;-2.5;-2,125;-2,875;-2,5
TEMPLATE_IR_VOL_CF_MXN_OBS;IR_VOL;Strike;-2;-1,625;-2,375;-2,0
TEMPLATE_IR_VOL_CF_MXN_OBS;IR_VOL;Strike;-1.5;-1,125;-1,875;-1,5
TEMPLATE_IR_VOL_CF_MXN_OBS;IR_VOL;Strike;-1;-0,625;-1,375;-1,0
TEMPLATE_IR_VOL_CF_MXN_OBS;IR_VOL;Strike;-0.5;-0,125;-0,875;-0,5
TEMPLATE_IR_VOL_CF_MXN_OBS;IR_VOL;Strike;0;0,375;-0,375;0,0
TEMPLATE_IR_VOL_CF_MXN_OBS;IR_VOL;Strike;0.5;0,875;0,125;0,5
TEMPLATE_IR_VOL_CF_MXN_OBS;IR_VOL;Strike;1;1,375;0,625;1,0
TEMPLATE_IR_VOL_CF_MXN_OBS;IR_VOL;Strike;1.5;1,875;1,125;1,5
TEMPLATE_IR_VOL_CF_MXN_OBS;IR_VOL;Strike;2;2,375;1,625;2,0
TEMPLATE_IR_VOL_CF_MXN_OBS;IR_VOL;Strike;2.5;2,875;2,125;2,5
TEMPLATE_IR_VOL_CF_MXN_OBS;IR_VOL;Strike;3;3,375;2,625;3,0
TEMPLATE_IR_VOL_CF_MXN_OBS;IR_VOL;Strike;3.5;3,875;3,125;3,5
TEMPLATE_IR_VOL_CF_MXN_OBS;IR_VOL;Strike;4;4,75;3,625;4,0
TEMPLATE_IR_VOL_CF_MXN_OBS;IR_VOL;Strike;5;5,75;4,25;5,0
TEMPLATE_IR_VOL_CF_MXN_OBS;IR_VOL;Strike;6;6,75;5,25;6,0
TEMPLATE_IR_VOL_CF_MXN_OBS;IR_VOL;Strike;7;7,75;6,25;7,0
TEMPLATE_IR_VOL_CF_MXN_OBS;IR_VOL;Strike;8;8,75;7,25;8,0
TEMPLATE_IR_VOL_CF_MXN_OBS;IR_VOL;Strike;9;9,75;8,25;9,0
TEMPLATE_IR_VOL_CF_MXN_OBS;IR_VOL;Strike;10;10,75;9,25;10,0
TEMPLATE_IR_VOL_CF_MXN_OBS;IR_VOL;Strike;11;11,75;10,25;11,0
TEMPLATE_IR_VOL_CF_MXN_OBS;IR_VOL;Strike;12;20,0;11,25;12,0
TEMPLATE_IR_VOL_CF_GENERIC_OBS;IR_VOL;Strike;-3;-2,625;-3,375;-3,0
TEMPLATE_IR_VOL_CF_GENERIC_OBS;IR_VOL;Strike;-2.5;-2,125;-2,875;-2,5
TEMPLATE_IR_VOL_CF_GENERIC_OBS;IR_VOL;Strike;-2;-1,625;-2,375;-2,0
TEMPLATE_IR_VOL_CF_GENERIC_OBS;IR_VOL;Strike;-1.5;-1,125;-1,875;-1,5
TEMPLATE_IR_VOL_CF_GENERIC_OBS;IR_VOL;Strike;-1;-0,625;-1,375;-1,0
TEMPLATE_IR_VOL_CF_GENERIC_OBS;IR_VOL;Strike;-0.5;-0,125;-0,875;-0,5
TEMPLATE_IR_VOL_CF_GENERIC_OBS;IR_VOL;Strike;0;0,375;-0,375;0,0
TEMPLATE_IR_VOL_CF_GENERIC_OBS;IR_VOL;Strike;0.5;0,875;0,125;0,5
TEMPLATE_IR_VOL_CF_GENERIC_OBS;IR_VOL;Strike;1;1,375;0,625;1,0
TEMPLATE_IR_VOL_CF_GENERIC_OBS;IR_VOL;Strike;1.5;1,875;1,125;1,5
TEMPLATE_IR_VOL_CF_GENERIC_OBS;IR_VOL;Strike;2;2,375;1,625;2,0
TEMPLATE_IR_VOL_CF_GENERIC_OBS;IR_VOL;Strike;2.5;2,875;2,125;2,5
TEMPLATE_IR_VOL_CF_GENERIC_OBS;IR_VOL;Strike;3;3,375;2,625;3,0
TEMPLATE_IR_VOL_CF_GENERIC_OBS;IR_VOL;Strike;3.5;3,875;3,125;3,5
TEMPLATE_IR_VOL_CF_GENERIC_OBS;IR_VOL;Strike;4;4,75;3,625;4,0
TEMPLATE_IR_VOL_CF_GENERIC_OBS;IR_VOL;Strike;5;5,75;4,25;5,0
TEMPLATE_IR_VOL_CF_GENERIC_OBS;IR_VOL;Strike;6;6,75;5,25;6,0
TEMPLATE_IR_VOL_CF_GENERIC_OBS;IR_VOL;Strike;7;7,75;6,25;7,0
TEMPLATE_IR_VOL_CF_GENERIC_OBS;IR_VOL;Strike;8;8,75;7,25;8,0
TEMPLATE_IR_VOL_CF_GENERIC_OBS;IR_VOL;Strike;9;9,75;8,25;9,0
TEMPLATE_IR_VOL_CF_GENERIC_OBS;IR_VOL;Strike;10;10,75;9,25;10,0
TEMPLATE_IR_VOL_CF_GENERIC_OBS;IR_VOL;Strike;11;11,75;10,25;11,0
TEMPLATE_IR_VOL_CF_GENERIC_OBS;IR_VOL;Strike;12;20,0;11,25;12,0
TEMPLATE_IR_VOL_CF_RED_OBS;IR_VOL;Strike;-3;-2,625;-3,375;-3,0
TEMPLATE_IR_VOL_CF_RED_OBS;IR_VOL;Strike;-2.5;-2,125;-2,875;-2,5
TEMPLATE_IR_VOL_CF_RED_OBS;IR_VOL;Strike;-2;-1,625;-2,375;-2,0
TEMPLATE_IR_VOL_CF_RED_OBS;IR_VOL;Strike;-1.5;-1,125;-1,875;-1,5
TEMPLATE_IR_VOL_CF_RED_OBS;IR_VOL;Strike;-1;-0,625;-1,375;-1,0
TEMPLATE_IR_VOL_CF_RED_OBS;IR_VOL;Strike;-0.5;-0,125;-0,875;-0,5
TEMPLATE_IR_VOL_CF_RED_OBS;IR_VOL;Strike;0;0,375;-0,375;0,0
TEMPLATE_IR_VOL_CF_RED_OBS;IR_VOL;Strike;0.5;0,875;0,125;0,5
TEMPLATE_IR_VOL_CF_RED_OBS;IR_VOL;Strike;1;1,375;0,625;1,0
TEMPLATE_IR_VOL_CF_RED_OBS;IR_VOL;Strike;1.5;1,875;1,125;1,5
TEMPLATE_IR_VOL_CF_RED_OBS;IR_VOL;Strike;2;2,375;1,625;2,0
TEMPLATE_IR_VOL_CF_RED_OBS;IR_VOL;Strike;2.5;2,875;2,125;2,5
TEMPLATE_IR_VOL_CF_RED_OBS;IR_VOL;Strike;3;3,375;2,625;3,0
TEMPLATE_IR_VOL_CF_RED_OBS;IR_VOL;Strike;3.5;3,875;3,125;3,5
TEMPLATE_IR_VOL_CF_RED_OBS;IR_VOL;Strike;4;4,75;3,625;4,0
TEMPLATE_IR_VOL_CF_RED_OBS;IR_VOL;Strike;5;5,75;4,25;5,0
TEMPLATE_IR_VOL_CF_RED_OBS;IR_VOL;Strike;6;6,75;5,25;6,0
TEMPLATE_IR_VOL_CF_RED_OBS;IR_VOL;Strike;7;7,75;6,25;7,0
TEMPLATE_IR_VOL_CF_RED_OBS;IR_VOL;Strike;8;8,75;7,25;8,0
TEMPLATE_IR_VOL_CF_RED_OBS;IR_VOL;Strike;9;9,75;8,25;9,0
TEMPLATE_IR_VOL_CF_RED_OBS;IR_VOL;Strike;10;10,75;9,25;10,0
TEMPLATE_IR_VOL_CF_RED_OBS;IR_VOL;Strike;11;11,75;10,25;11,0
TEMPLATE_IR_VOL_CF_RED_OBS;IR_VOL;Strike;12;20,0;11,25;12,0
TEMPLATE_IR_VOL_OSWP_MXN_OBS;IR_VOL;Option Maturity;28D;65,0;0,001;32,0
TEMPLATE_IR_VOL_OSWP_MXN_OBS;IR_VOL;Option Maturity;84D;145,0;43,0;76,0
TEMPLATE_IR_VOL_OSWP_MXN_OBS;IR_VOL;Option Maturity;168D;317,25;99,0;168,0
TEMPLATE_IR_VOL_OSWP_MXN_OBS;IR_VOL;Option Maturity;364D;640,75;217,75;367,0
TEMPLATE_IR_VOL_OSWP_MXN_OBS;IR_VOL;Option Maturity;728D;1554,0;458,25;732,0
TEMPLATE_IR_VOL_OSWP_MXN_OBS;IR_VOL;Option Maturity;1820D;3198,25;1006,0;1828,0
TEMPLATE_IR_VOL_OSWP_MXN_OBS;IR_VOL;Option Maturity;3640D;36500,0;2284,75;3655,0
TEMPLATE_IR_VOL_OSWP_GENERIC_OBS;IR_VOL;Option Maturity;1M;78,5;0,001;32,0
TEMPLATE_IR_VOL_OSWP_GENERIC_OBS;IR_VOL;Option Maturity;3M;160,75;47,5;94,0
TEMPLATE_IR_VOL_OSWP_GENERIC_OBS;IR_VOL;Option Maturity;6M;321,0;116,25;183,0
TEMPLATE_IR_VOL_OSWP_GENERIC_OBS;IR_VOL;Option Maturity;1Y;640,75;229,0;367,0
TEMPLATE_IR_VOL_OSWP_GENERIC_OBS;IR_VOL;Option Maturity;2Y;1007,25;458,25;732,0
TEMPLATE_IR_VOL_OSWP_GENERIC_OBS;IR_VOL;Option Maturity;3Y;1372,0;823,75;1099,0
TEMPLATE_IR_VOL_OSWP_GENERIC_OBS;IR_VOL;Option Maturity;4Y;1736,75;1190,0;1463,0
TEMPLATE_IR_VOL_OSWP_GENERIC_OBS;IR_VOL;Option Maturity;5Y;2376,25;1554,25;1828,0
TEMPLATE_IR_VOL_OSWP_GENERIC_OBS;IR_VOL;Option Maturity;7Y;3381,0;2010,75;2559,0
TEMPLATE_IR_VOL_OSWP_GENERIC_OBS;IR_VOL;Option Maturity;10Y;4202,5;2833,0;3655,0
TEMPLATE_IR_VOL_OSWP_GENERIC_OBS;IR_VOL;Option Maturity;12Y;5207,0;3837,5;4385,0
TEMPLATE_IR_VOL_OSWP_GENERIC_OBS;IR_VOL;Option Maturity;15Y;6851,25;4659,0;5481,0
TEMPLATE_IR_VOL_OSWP_GENERIC_OBS;IR_VOL;Option Maturity;20Y;8677,5;5937,75;7308,0
TEMPLATE_IR_VOL_OSWP_GENERIC_OBS;IR_VOL;Option Maturity;25Y;10504,25;7764,5;9134,0
TEMPLATE_IR_VOL_OSWP_GENERIC_OBS;IR_VOL;Option Maturity;30Y;36500,0;9590,75;10961,0
TEMPLATE_IR_VOL_OSWP_RED_OBS;IR_VOL;Option Maturity;1M;78,5;0,001;32,0
TEMPLATE_IR_VOL_OSWP_RED_OBS;IR_VOL;Option Maturity;3M;160,75;47,5;94,0
TEMPLATE_IR_VOL_OSWP_RED_OBS;IR_VOL;Option Maturity;6M;321,0;116,25;183,0
TEMPLATE_IR_VOL_OSWP_RED_OBS;IR_VOL;Option Maturity;1Y;640,75;229,0;367,0
TEMPLATE_IR_VOL_OSWP_RED_OBS;IR_VOL;Option Maturity;2Y;1007,25;458,25;732,0
TEMPLATE_IR_VOL_OSWP_RED_OBS;IR_VOL;Option Maturity;3Y;1645,75;823,75;1099,0
TEMPLATE_IR_VOL_OSWP_RED_OBS;IR_VOL;Option Maturity;5Y;2376,25;1281,25;1828,0
TEMPLATE_IR_VOL_OSWP_RED_OBS;IR_VOL;Option Maturity;7Y;3381,0;2010,75;2559,0
TEMPLATE_IR_VOL_OSWP_RED_OBS;IR_VOL;Option Maturity;10Y;5024,5;2833,0;3655,0
TEMPLATE_IR_VOL_OSWP_RED_OBS;IR_VOL;Option Maturity;15Y;6851,25;4111,5;5481,0
TEMPLATE_IR_VOL_OSWP_RED_OBS;IR_VOL;Option Maturity;20Y;10047,75;5937,75;7308,0
TEMPLATE_IR_VOL_OSWP_RED_OBS;IR_VOL;Option Maturity;30Y;36500,0;8221,25;10961,0
TEMPLATE_IR_VOL_OSWP_MXN_OBS;IR_VOL;Strike;-3;-2,625;-3,375;-3,0
TEMPLATE_IR_VOL_OSWP_MXN_OBS;IR_VOL;Strike;-2.5;-2,125;-2,875;-2,5
TEMPLATE_IR_VOL_OSWP_MXN_OBS;IR_VOL;Strike;-2;-1,625;-2,375;-2,0
TEMPLATE_IR_VOL_OSWP_MXN_OBS;IR_VOL;Strike;-1.5;-1,125;-1,875;-1,5
TEMPLATE_IR_VOL_OSWP_MXN_OBS;IR_VOL;Strike;-1;-0,625;-1,375;-1,0
TEMPLATE_IR_VOL_OSWP_MXN_OBS;IR_VOL;Strike;-0.5;-0,125;-0,875;-0,5
TEMPLATE_IR_VOL_OSWP_MXN_OBS;IR_VOL;Strike;0;0,375;-0,375;0,0
TEMPLATE_IR_VOL_OSWP_MXN_OBS;IR_VOL;Strike;0.5;0,875;0,125;0,5
TEMPLATE_IR_VOL_OSWP_MXN_OBS;IR_VOL;Strike;1;1,375;0,625;1,0
TEMPLATE_IR_VOL_OSWP_MXN_OBS;IR_VOL;Strike;1.5;1,875;1,125;1,5
TEMPLATE_IR_VOL_OSWP_MXN_OBS;IR_VOL;Strike;2;2,375;1,625;2,0
TEMPLATE_IR_VOL_OSWP_MXN_OBS;IR_VOL;Strike;2.5;2,875;2,125;2,5
TEMPLATE_IR_VOL_OSWP_MXN_OBS;IR_VOL;Strike;3;3,375;2,625;3,0
TEMPLATE_IR_VOL_OSWP_MXN_OBS;IR_VOL;Strike;3.5;3,875;3,125;3,5
TEMPLATE_IR_VOL_OSWP_MXN_OBS;IR_VOL;Strike;4;4,75;3,625;4,0
TEMPLATE_IR_VOL_OSWP_MXN_OBS;IR_VOL;Strike;5;5,75;4,25;5,0
TEMPLATE_IR_VOL_OSWP_MXN_OBS;IR_VOL;Strike;6;6,75;5,25;6,0
TEMPLATE_IR_VOL_OSWP_MXN_OBS;IR_VOL;Strike;7;7,75;6,25;7,0
TEMPLATE_IR_VOL_OSWP_MXN_OBS;IR_VOL;Strike;8;8,75;7,25;8,0
TEMPLATE_IR_VOL_OSWP_MXN_OBS;IR_VOL;Strike;9;9,75;8,25;9,0
TEMPLATE_IR_VOL_OSWP_MXN_OBS;IR_VOL;Strike;10;10,75;9,25;10,0
TEMPLATE_IR_VOL_OSWP_MXN_OBS;IR_VOL;Strike;11;11,75;10,25;11,0
TEMPLATE_IR_VOL_OSWP_MXN_OBS;IR_VOL;Strike;12;20,0;11,25;12,0
TEMPLATE_IR_VOL_OSWP_GENERIC_OBS;IR_VOL;Strike;-3;-2,625;-3,375;-3,0
TEMPLATE_IR_VOL_OSWP_GENERIC_OBS;IR_VOL;Strike;-2.5;-2,125;-2,875;-2,5
TEMPLATE_IR_VOL_OSWP_GENERIC_OBS;IR_VOL;Strike;-2;-1,625;-2,375;-2,0
TEMPLATE_IR_VOL_OSWP_GENERIC_OBS;IR_VOL;Strike;-1.5;-1,125;-1,875;-1,5
TEMPLATE_IR_VOL_OSWP_GENERIC_OBS;IR_VOL;Strike;-1;-0,625;-1,375;-1,0
TEMPLATE_IR_VOL_OSWP_GENERIC_OBS;IR_VOL;Strike;-0.5;-0,125;-0,875;-0,5
TEMPLATE_IR_VOL_OSWP_GENERIC_OBS;IR_VOL;Strike;0;0,375;-0,375;0,0
TEMPLATE_IR_VOL_OSWP_GENERIC_OBS;IR_VOL;Strike;0.5;0,875;0,125;0,5
TEMPLATE_IR_VOL_OSWP_GENERIC_OBS;IR_VOL;Strike;1;1,375;0,625;1,0
TEMPLATE_IR_VOL_OSWP_GENERIC_OBS;IR_VOL;Strike;1.5;1,875;1,125;1,5
TEMPLATE_IR_VOL_OSWP_GENERIC_OBS;IR_VOL;Strike;2;2,375;1,625;2,0
TEMPLATE_IR_VOL_OSWP_GENERIC_OBS;IR_VOL;Strike;2.5;2,875;2,125;2,5
TEMPLATE_IR_VOL_OSWP_GENERIC_OBS;IR_VOL;Strike;3;3,375;2,625;3,0
TEMPLATE_IR_VOL_OSWP_GENERIC_OBS;IR_VOL;Strike;3.5;3,875;3,125;3,5
TEMPLATE_IR_VOL_OSWP_GENERIC_OBS;IR_VOL;Strike;4;4,75;3,625;4,0
TEMPLATE_IR_VOL_OSWP_GENERIC_OBS;IR_VOL;Strike;5;5,75;4,25;5,0
TEMPLATE_IR_VOL_OSWP_GENERIC_OBS;IR_VOL;Strike;6;6,75;5,25;6,0
TEMPLATE_IR_VOL_OSWP_GENERIC_OBS;IR_VOL;Strike;7;7,75;6,25;7,0
TEMPLATE_IR_VOL_OSWP_GENERIC_OBS;IR_VOL;Strike;8;8,75;7,25;8,0
TEMPLATE_IR_VOL_OSWP_GENERIC_OBS;IR_VOL;Strike;9;9,75;8,25;9,0
TEMPLATE_IR_VOL_OSWP_GENERIC_OBS;IR_VOL;Strike;10;10,75;9,25;10,0
TEMPLATE_IR_VOL_OSWP_GENERIC_OBS;IR_VOL;Strike;11;11,75;10,25;11,0
TEMPLATE_IR_VOL_OSWP_GENERIC_OBS;IR_VOL;Strike;12;20,0;11,25;12,0
TEMPLATE_IR_VOL_OSWP_RED_OBS;IR_VOL;Strike;-3;-2,625;-3,375;-3,0
TEMPLATE_IR_VOL_OSWP_RED_OBS;IR_VOL;Strike;-2.5;-2,125;-2,875;-2,5
TEMPLATE_IR_VOL_OSWP_RED_OBS;IR_VOL;Strike;-2;-1,625;-2,375;-2,0
TEMPLATE_IR_VOL_OSWP_RED_OBS;IR_VOL;Strike;-1.5;-1,125;-1,875;-1,5
TEMPLATE_IR_VOL_OSWP_RED_OBS;IR_VOL;Strike;-1;-0,625;-1,375;-1,0
TEMPLATE_IR_VOL_OSWP_RED_OBS;IR_VOL;Strike;-0.5;-0,125;-0,875;-0,5
TEMPLATE_IR_VOL_OSWP_RED_OBS;IR_VOL;Strike;0;0,375;-0,375;0,0
TEMPLATE_IR_VOL_OSWP_RED_OBS;IR_VOL;Strike;0.5;0,875;0,125;0,5
TEMPLATE_IR_VOL_OSWP_RED_OBS;IR_VOL;Strike;1;1,375;0,625;1,0
TEMPLATE_IR_VOL_OSWP_RED_OBS;IR_VOL;Strike;1.5;1,875;1,125;1,5
TEMPLATE_IR_VOL_OSWP_RED_OBS;IR_VOL;Strike;2;2,375;1,625;2,0
TEMPLATE_IR_VOL_OSWP_RED_OBS;IR_VOL;Strike;2.5;2,875;2,125;2,5
TEMPLATE_IR_VOL_OSWP_RED_OBS;IR_VOL;Strike;3;3,375;2,625;3,0
TEMPLATE_IR_VOL_OSWP_RED_OBS;IR_VOL;Strike;3.5;3,875;3,125;3,5
TEMPLATE_IR_VOL_OSWP_RED_OBS;IR_VOL;Strike;4;4,75;3,625;4,0
TEMPLATE_IR_VOL_OSWP_RED_OBS;IR_VOL;Strike;5;5,75;4,25;5,0
TEMPLATE_IR_VOL_OSWP_RED_OBS;IR_VOL;Strike;6;6,75;5,25;6,0
TEMPLATE_IR_VOL_OSWP_RED_OBS;IR_VOL;Strike;7;7,75;6,25;7,0
TEMPLATE_IR_VOL_OSWP_RED_OBS;IR_VOL;Strike;8;8,75;7,25;8,0
TEMPLATE_IR_VOL_OSWP_RED_OBS;IR_VOL;Strike;9;9,75;8,25;9,0
TEMPLATE_IR_VOL_OSWP_RED_OBS;IR_VOL;Strike;10;10,75;9,25;10,0
TEMPLATE_IR_VOL_OSWP_RED_OBS;IR_VOL;Strike;11;11,75;10,25;11,0
TEMPLATE_IR_VOL_OSWP_RED_OBS;IR_VOL;Strike;12;20,0;11,25;12,0
TEMPLATE_IR_VOL_OSWP_MXN_OBS;IR_VOL;Maturity;364D;640,75;0,001;367,0
TEMPLATE_IR_VOL_OSWP_MXN_OBS;IR_VOL;Maturity;728D;1554,0;458,25;732,0
TEMPLATE_IR_VOL_OSWP_MXN_OBS;IR_VOL;Maturity;1820D;3198,25;1006,0;1828,0
TEMPLATE_IR_VOL_OSWP_MXN_OBS;IR_VOL;Maturity;3640D;5024,5;2284,75;3655,0
TEMPLATE_IR_VOL_OSWP_MXN_OBS;IR_VOL;Maturity;5460D;6851,25;4111,5;5481,0
TEMPLATE_IR_VOL_OSWP_MXN_OBS;IR_VOL;Maturity;7280D;36500,0;5937,75;7308,0
TEMPLATE_IR_VOL_OSWP_GENERIC_OBS;IR_VOL;Maturity;1Y;640,75;0,001;367,0
TEMPLATE_IR_VOL_OSWP_GENERIC_OBS;IR_VOL;Maturity;2Y;1007,25;458,25;732,0
TEMPLATE_IR_VOL_OSWP_GENERIC_OBS;IR_VOL;Maturity;3Y;1372,0;823,75;1099,0
TEMPLATE_IR_VOL_OSWP_GENERIC_OBS;IR_VOL;Maturity;4Y;1736,75;1190,0;1463,0
TEMPLATE_IR_VOL_OSWP_GENERIC_OBS;IR_VOL;Maturity;5Y;2102,5;1554,25;1828,0
TEMPLATE_IR_VOL_OSWP_GENERIC_OBS;IR_VOL;Maturity;6Y;2467,75;1919,5;2194,0
TEMPLATE_IR_VOL_OSWP_GENERIC_OBS;IR_VOL;Maturity;7Y;2833,5;2285,25;2559,0
TEMPLATE_IR_VOL_OSWP_GENERIC_OBS;IR_VOL;Maturity;8Y;3198,75;2650,5;2925,0
TEMPLATE_IR_VOL_OSWP_GENERIC_OBS;IR_VOL;Maturity;9Y;3563,75;3016,25;3290,0
TEMPLATE_IR_VOL_OSWP_GENERIC_OBS;IR_VOL;Maturity;10Y;5024,5;3381,25;3655,0
TEMPLATE_IR_VOL_OSWP_GENERIC_OBS;IR_VOL;Maturity;15Y;6851,25;4111,5;5481,0
TEMPLATE_IR_VOL_OSWP_GENERIC_OBS;IR_VOL;Maturity;20Y;8677,5;5937,75;7308,0
TEMPLATE_IR_VOL_OSWP_GENERIC_OBS;IR_VOL;Maturity;25Y;10504,25;7764,5;9134,0
TEMPLATE_IR_VOL_OSWP_GENERIC_OBS;IR_VOL;Maturity;30Y;36500,0;9590,75;10961,0
TEMPLATE_IR_VOL_OSWP_RED_OBS;IR_VOL;Maturity;1Y;640,75;0,001;367,0
TEMPLATE_IR_VOL_OSWP_RED_OBS;IR_VOL;Maturity;2Y;1007,25;458,25;732,0
TEMPLATE_IR_VOL_OSWP_RED_OBS;IR_VOL;Maturity;3Y;1645,75;823,75;1099,0
TEMPLATE_IR_VOL_OSWP_RED_OBS;IR_VOL;Maturity;5Y;2376,25;1281,25;1828,0
TEMPLATE_IR_VOL_OSWP_RED_OBS;IR_VOL;Maturity;7Y;3381,0;2010,75;2559,0
TEMPLATE_IR_VOL_OSWP_RED_OBS;IR_VOL;Maturity;10Y;6394,75;2833,0;3655,0
TEMPLATE_IR_VOL_OSWP_RED_OBS;IR_VOL;Maturity;20Y;10047,75;4568,25;7308,0
TEMPLATE_IR_VOL_OSWP_RED_OBS;IR_VOL;Maturity;30Y;36500,0;8221,25;10961,0
TEMPLATE_EQ_VOL_GENERIC_OBS;EQ_VOL;Maturity;1D;24,75;0,001;3,0
TEMPLATE_EQ_VOL_GENERIC_OBS;EQ_VOL;Maturity;1M;78,5;10,25;32,0
TEMPLATE_EQ_VOL_GENERIC_OBS;EQ_VOL;Maturity;3M;160,75;47,5;94,0
TEMPLATE_EQ_VOL_GENERIC_OBS;EQ_VOL;Maturity;6M;252,0;116,25;183,0
TEMPLATE_EQ_VOL_GENERIC_OBS;EQ_VOL;Maturity;9M;344,0;206,0;275,0
TEMPLATE_EQ_VOL_GENERIC_OBS;EQ_VOL;Maturity;1Y;640,75;298,0;367,0
TEMPLATE_EQ_VOL_GENERIC_OBS;EQ_VOL;Maturity;2Y;1007,25;458,25;732,0
TEMPLATE_EQ_VOL_GENERIC_OBS;EQ_VOL;Maturity;3Y;1372,0;823,75;1099,0
TEMPLATE_EQ_VOL_GENERIC_OBS;EQ_VOL;Maturity;4Y;1736,75;1190,0;1463,0
TEMPLATE_EQ_VOL_GENERIC_OBS;EQ_VOL;Maturity;5Y;3198,25;1554,25;1828,0
TEMPLATE_EQ_VOL_GENERIC_OBS;EQ_VOL;Maturity;10Y;36500,0;2284,75;3655,0
TEMPLATE_EQ_VOL_GENERIC_OBS;EQ_VOL;Moneyness;0.4;0,475;0,3;0,4
TEMPLATE_EQ_VOL_GENERIC_OBS;EQ_VOL;Moneyness;0.5;0,575;0,425;0,5
TEMPLATE_EQ_VOL_GENERIC_OBS;EQ_VOL;Moneyness;0.6;0,675;0,525;0,6
TEMPLATE_EQ_VOL_GENERIC_OBS;EQ_VOL;Moneyness;0.7;0,775;0,625;0,7
TEMPLATE_EQ_VOL_GENERIC_OBS;EQ_VOL;Moneyness;0.8;0,8375;0,725;0,8
TEMPLATE_EQ_VOL_GENERIC_OBS;EQ_VOL;Moneyness;0.85;0,8875;0,8125;0,85
TEMPLATE_EQ_VOL_GENERIC_OBS;EQ_VOL;Moneyness;0.9;0,9375;0,8625;0,9
TEMPLATE_EQ_VOL_GENERIC_OBS;EQ_VOL;Moneyness;0.95;0,9875;0,9125;0,95
TEMPLATE_EQ_VOL_GENERIC_OBS;EQ_VOL;Moneyness;1;1,0375;0,9625;1,0
TEMPLATE_EQ_VOL_GENERIC_OBS;EQ_VOL;Moneyness;1.05;1,0875;1,0125;1,05
TEMPLATE_EQ_VOL_GENERIC_OBS;EQ_VOL;Moneyness;1.1;1,1375;1,0625;1,1
TEMPLATE_EQ_VOL_GENERIC_OBS;EQ_VOL;Moneyness;1.15;1,1875;1,1125;1,15
TEMPLATE_EQ_VOL_GENERIC_OBS;EQ_VOL;Moneyness;1.2;1,275;1,1625;1,2
TEMPLATE_EQ_VOL_GENERIC_OBS;EQ_VOL;Moneyness;1.3;1,375;1,225;1,3
TEMPLATE_EQ_VOL_GENERIC_OBS;EQ_VOL;Moneyness;1.4;1,475;1,325;1,4
TEMPLATE_EQ_VOL_GENERIC_OBS;EQ_VOL;Moneyness;1.5;1,575;1,425;1,5
TEMPLATE_EQ_VOL_GENERIC_OBS;EQ_VOL;Moneyness;1.6;1,675;1,525;1,6
TEMPLATE_EQ_VOL_GENERIC_OBS;EQ_VOL;Moneyness;1.7;1,775;1,625;1,7
TEMPLATE_EQ_VOL_GENERIC_OBS;EQ_VOL;Moneyness;1.8;1,875;1,725;1,8
TEMPLATE_EQ_VOL_GENERIC_OBS;EQ_VOL;Moneyness;1.9;1,975;1,825;1,9
TEMPLATE_EQ_VOL_GENERIC_OBS;EQ_VOL;Moneyness;2;2,0;1,925;2,0
TEMPLATE_IR_PARAM_CMS_CORRELATION_EUR_OBS;IR_PARAM;Strike;<ATM-100;-99999,0;-110,0;-150,0
TEMPLATE_IR_PARAM_CMS_CORRELATION_EUR_OBS;IR_PARAM;Strike;ATM-100;-110,0;-60,0;-100,0
TEMPLATE_IR_PARAM_CMS_CORRELATION_EUR_OBS;IR_PARAM;Strike;ATM-50;-60,0;-35,0;-50,0
TEMPLATE_IR_PARAM_CMS_CORRELATION_EUR_OBS;IR_PARAM;Strike;ATM-25;-35,0;-10,0;-25,0
TEMPLATE_IR_PARAM_CMS_CORRELATION_EUR_OBS;IR_PARAM;Strike;ATM;-10,0;10,0;0,0
TEMPLATE_IR_PARAM_CMS_CORRELATION_EUR_OBS;IR_PARAM;Strike;ATM+25;10,0;35,0;25,0
TEMPLATE_IR_PARAM_CMS_CORRELATION_EUR_OBS;IR_PARAM;Strike;ATM+50;35,0;60,0;50,0
TEMPLATE_IR_PARAM_CMS_CORRELATION_EUR_OBS;IR_PARAM;Strike;ATM+100;60,0;110,0;100,0
TEMPLATE_IR_PARAM_CMS_CORRELATION_EUR_OBS;IR_PARAM;Strike;>ATM+100;110,0;99999,0;150,0
TEMPLATE_IR_PARAM_CMS_CORRELATION_EUR_OBS;IR_PARAM;CMS Spread;10y-2y;1099902,0;1099903,0;1099902,0
TEMPLATE_IR_PARAM_CMS_CORRELATION_EUR_OBS;IR_PARAM;CMS Spread;20y-10y;2099910,0;2099911,0;2099910,0
TEMPLATE_IR_PARAM_CMS_CORRELATION_EUR_OBS;IR_PARAM;CMS Spread;30y-10y;3099910,0;3099911,0;3099910,0
TEMPLATE_IR_PARAM_CMS_CORRELATION_EUR_OBS;IR_PARAM;CMS Spread;30y-2y;3099902,0;3099903,0;3099902,0
TEMPLATE_IR_PARAM_CMS_CORRELATION_EUR_OBS;IR_PARAM;CMS Spread;30y-5y;3099905,0;3099906,0;3099905,0
TEMPLATE_IR_PARAM_CMS_CORRELATION_EUR_OBS;IR_PARAM;Maturity;0y-1y;0,001;366,0;367,0
TEMPLATE_IR_PARAM_CMS_CORRELATION_EUR_OBS;IR_PARAM;Maturity;>1y-3y;366,0;1098,0;1099,0
TEMPLATE_IR_PARAM_CMS_CORRELATION_EUR_OBS;IR_PARAM;Maturity;>3y-5y;1098,0;1830,0;1828,0
TEMPLATE_IR_PARAM_CMS_CORRELATION_EUR_OBS;IR_PARAM;Maturity;>5y-7y;1830,0;2562,0;2559,0
TEMPLATE_IR_PARAM_CMS_CORRELATION_EUR_OBS;IR_PARAM;Maturity;>7y;2562,0;36500,0;3655,0
TEMPLATE_IR_PARAM_CMS_CORRELATION_USD_OBS;IR_PARAM;Strike;<ATM-100;-99999,0;-110,0;-150,0
TEMPLATE_IR_PARAM_CMS_CORRELATION_USD_OBS;IR_PARAM;Strike;ATM-100;-110,0;-60,0;-100,0
TEMPLATE_IR_PARAM_CMS_CORRELATION_USD_OBS;IR_PARAM;Strike;ATM-50;-60,0;-35,0;-50,0
TEMPLATE_IR_PARAM_CMS_CORRELATION_USD_OBS;IR_PARAM;Strike;ATM-25;-35,0;-10,0;-25,0
TEMPLATE_IR_PARAM_CMS_CORRELATION_USD_OBS;IR_PARAM;Strike;ATM;-10,0;10,0;0,0
TEMPLATE_IR_PARAM_CMS_CORRELATION_USD_OBS;IR_PARAM;Strike;ATM+25;10,0;35,0;25,0
TEMPLATE_IR_PARAM_CMS_CORRELATION_USD_OBS;IR_PARAM;Strike;ATM+50;35,0;60,0;50,0
TEMPLATE_IR_PARAM_CMS_CORRELATION_USD_OBS;IR_PARAM;Strike;ATM+100;60,0;110,0;100,0
TEMPLATE_IR_PARAM_CMS_CORRELATION_USD_OBS;IR_PARAM;Strike;>ATM+100;110,0;99999,0;150,0
TEMPLATE_IR_PARAM_CMS_CORRELATION_USD_OBS;IR_PARAM;CMS Spread;10y-2y;1099902,0;1099903,0;1099902,0
TEMPLATE_IR_PARAM_CMS_CORRELATION_USD_OBS;IR_PARAM;CMS Spread;30y-10y;3099910,0;3099911,0;3099910,0
TEMPLATE_IR_PARAM_CMS_CORRELATION_USD_OBS;IR_PARAM;CMS Spread;30y-2y;3099902,0;3099903,0;3099902,0
TEMPLATE_IR_PARAM_CMS_CORRELATION_USD_OBS;IR_PARAM;CMS Spread;30y-5y;3099905,0;3099906,0;3099905,0
TEMPLATE_IR_PARAM_CMS_CORRELATION_USD_OBS;IR_PARAM;Maturity;0y-1y;0,001;366,0;367,0
TEMPLATE_IR_PARAM_CMS_CORRELATION_USD_OBS;IR_PARAM;Maturity;>1y-3y;366,0;1098,0;1099,0
TEMPLATE_IR_PARAM_CMS_CORRELATION_USD_OBS;IR_PARAM;Maturity;>3y-5y;1098,0;1830,0;1828,0
TEMPLATE_IR_PARAM_CMS_CORRELATION_USD_OBS;IR_PARAM;Maturity;>5y-7y;1830,0;2562,0;2559,0
TEMPLATE_IR_PARAM_CMS_CORRELATION_USD_OBS;IR_PARAM;Maturity;>7y;2562,0;36500,0;3655,0
